NAME	GS<br> follow link to MSigDB	GS DETAILS	SIZE	ES	NES	NOM p-val	FDR q-val	FWER p-val	RANK AT MAX	LEADING EDGE	
GOBP_ERAD_PATHWAY	GOBP_ERAD_PATHWAY	Details ...	19	0.9288499	2.3331892	0.0	0.0	0.0	65	tags=58%, list=1%, signal=58%	
GOBP_CELLULAR_RESPONSE_TO_UNFOLDED_PROTEIN	GOBP_CELLULAR_RESPONSE_TO_UNFOLDED_PROTEIN	Details ...	26	0.77322644	2.2720683	0.0	0.0	0.0	65	tags=27%, list=1%, signal=27%	
GOBP_ANTIBACTERIAL_HUMORAL_RESPONSE	GOBP_ANTIBACTERIAL_HUMORAL_RESPONSE	Details ...	31	0.7520674	2.2183099	0.0	3.3020345E-4	0.001	86	tags=23%, list=2%, signal=23%	
GOBP_CELLULAR_RESPONSE_TO_TOPOLOGICALLY_INCORRECT_PROTEIN	GOBP_CELLULAR_RESPONSE_TO_TOPOLOGICALLY_INCORRECT_PROTEIN	Details ...	29	0.78483105	2.2140849	0.0	2.4765258E-4	0.001	65	tags=28%, list=1%, signal=28%	
GOBP_RESPONSE_TO_TOPOLOGICALLY_INCORRECT_PROTEIN	GOBP_RESPONSE_TO_TOPOLOGICALLY_INCORRECT_PROTEIN	Details ...	42	0.69869655	2.1515534	0.0	0.0016765548	0.008	65	tags=21%, list=1%, signal=22%	
GOBP_RESPONSE_TO_ENDOPLASMIC_RETICULUM_STRESS	GOBP_RESPONSE_TO_ENDOPLASMIC_RETICULUM_STRESS	Details ...	65	0.58849597	2.127593	0.0	0.0024214613	0.014	65	tags=20%, list=1%, signal=20%	
GOBP_RENAL_FILTRATION	GOBP_RENAL_FILTRATION	Details ...	20	0.77586615	2.0979178	0.0	0.0035652253	0.023	53	tags=15%, list=1%, signal=15%	
GOBP_ANTIMICROBIAL_HUMORAL_RESPONSE	GOBP_ANTIMICROBIAL_HUMORAL_RESPONSE	Details ...	84	0.5362126	1.939814	0.0	0.023693776	0.154	167	tags=12%, list=3%, signal=12%	
GOBP_PROTEASOMAL_PROTEIN_CATABOLIC_PROCESS	GOBP_PROTEASOMAL_PROTEIN_CATABOLIC_PROCESS	Details ...	102	0.48927367	1.8412492	0.0	0.061474927	0.402	101	tags=13%, list=2%, signal=13%	
GOBP_RENAL_SYSTEM_PROCESS	GOBP_RENAL_SYSTEM_PROCESS	Details ...	60	0.470845	1.6867864	0.0	0.23707671	0.875	102	tags=7%, list=2%, signal=7%	
GOBP_PROTEIN_FOLDING	GOBP_PROTEIN_FOLDING	Details ...	32	0.5347346	1.6842109	0.0	0.21996352	0.881	65	tags=16%, list=1%, signal=16%	
GOBP_REGULATION_OF_RESPONSE_TO_ENDOPLASMIC_RETICULUM_STRESS	GOBP_REGULATION_OF_RESPONSE_TO_ENDOPLASMIC_RETICULUM_STRESS	Details ...	24	0.5650289	1.5960336	0.0	0.39114174	0.986	65	tags=21%, list=1%, signal=21%	
GOBP_PANCREAS_DEVELOPMENT	GOBP_PANCREAS_DEVELOPMENT	Details ...	26	0.5406712	1.5129243	0.047169812	0.6305614	1.0	193	tags=19%, list=4%, signal=20%	
GOBP_AMINO_ACID_IMPORT_ACROSS_PLASMA_MEMBRANE	GOBP_AMINO_ACID_IMPORT_ACROSS_PLASMA_MEMBRANE	Details ...	16	0.5723687	1.5071679	0.08461539	0.605124	1.0	88	tags=19%, list=2%, signal=19%	
GOBP_NEGATIVE_REGULATION_OF_INTRACELLULAR_TRANSPORT	GOBP_NEGATIVE_REGULATION_OF_INTRACELLULAR_TRANSPORT	Details ...	21	0.55016625	1.4887174	0.048076924	0.6336359	1.0	42	tags=14%, list=1%, signal=14%	
GOBP_COMPLEMENT_ACTIVATION_CLASSICAL_PATHWAY	GOBP_COMPLEMENT_ACTIVATION_CLASSICAL_PATHWAY	Details ...	23	0.5127179	1.4584388	0.06315789	0.7165479	1.0	86	tags=22%, list=2%, signal=22%	
GOBP_NEGATIVE_REGULATION_OF_STRIATED_MUSCLE_CELL_DIFFERENTIATION	GOBP_NEGATIVE_REGULATION_OF_STRIATED_MUSCLE_CELL_DIFFERENTIATION	Details ...	17	0.5517416	1.425577	0.093023255	0.81097686	1.0	8	tags=6%, list=0%, signal=6%	
GOBP_ACYLGLYCEROL_HOMEOSTASIS	GOBP_ACYLGLYCEROL_HOMEOSTASIS	Details ...	20	0.55001837	1.4234931	0.11594203	0.77553916	1.0	8	tags=5%, list=0%, signal=5%	
GOBP_REPLACEMENT_OSSIFICATION	GOBP_REPLACEMENT_OSSIFICATION	Details ...	19	0.5425489	1.4140297	0.08695652	0.7758166	1.0	46	tags=11%, list=1%, signal=11%	
GOBP_INTEGRIN_ACTIVATION	GOBP_INTEGRIN_ACTIVATION	Details ...	16	0.5396501	1.4015204	0.11111111	0.79055953	1.0	2	tags=6%, list=0%, signal=6%	
GOBP_COLUMNAR_CUBOIDAL_EPITHELIAL_CELL_DIFFERENTIATION	GOBP_COLUMNAR_CUBOIDAL_EPITHELIAL_CELL_DIFFERENTIATION		37	0.4521765	1.38943	0.048076924	0.8034452	1.0	21	tags=5%, list=0%, signal=5%	
GOBP_GLANDULAR_EPITHELIAL_CELL_DIFFERENTIATION	GOBP_GLANDULAR_EPITHELIAL_CELL_DIFFERENTIATION		15	0.56487983	1.384177	0.12	0.79001427	1.0	8	tags=7%, list=0%, signal=7%	
GOBP_POSITIVE_REGULATION_OF_VASCULAR_ASSOCIATED_SMOOTH_MUSCLE_CELL_PROLIFERATION	GOBP_POSITIVE_REGULATION_OF_VASCULAR_ASSOCIATED_SMOOTH_MUSCLE_CELL_PROLIFERATION		24	0.49719185	1.3816614	0.1	0.76616865	1.0	43	tags=8%, list=1%, signal=8%	
GOBP_INTRINSIC_APOPTOTIC_SIGNALING_PATHWAY_IN_RESPONSE_TO_ENDOPLASMIC_RETICULUM_STRESS	GOBP_INTRINSIC_APOPTOTIC_SIGNALING_PATHWAY_IN_RESPONSE_TO_ENDOPLASMIC_RETICULUM_STRESS		21	0.51923835	1.3784544	0.14173229	0.7476387	1.0	59	tags=19%, list=1%, signal=19%	
GOBP_POSITIVE_REGULATION_OF_PROTEASOMAL_PROTEIN_CATABOLIC_PROCESS	GOBP_POSITIVE_REGULATION_OF_PROTEASOMAL_PROTEIN_CATABOLIC_PROCESS		36	0.45069098	1.3676355	0.12790698	0.76205754	1.0	32	tags=8%, list=1%, signal=8%	
GOBP_VASCULAR_ASSOCIATED_SMOOTH_MUSCLE_CELL_MIGRATION	GOBP_VASCULAR_ASSOCIATED_SMOOTH_MUSCLE_CELL_MIGRATION		17	0.50946397	1.367618	0.16058394	0.7328312	1.0	8	tags=6%, list=0%, signal=6%	
GOBP_SPERMATID_DIFFERENTIATION	GOBP_SPERMATID_DIFFERENTIATION		36	0.45970666	1.3510089	0.0882353	0.7702378	1.0	56	tags=8%, list=1%, signal=8%	
GOBP_NEGATIVE_REGULATION_OF_SMAD_PROTEIN_SIGNAL_TRANSDUCTION	GOBP_NEGATIVE_REGULATION_OF_SMAD_PROTEIN_SIGNAL_TRANSDUCTION		17	0.5467314	1.3500996	0.09836066	0.7464255	1.0	8	tags=6%, list=0%, signal=6%	
GOBP_PROTEOLYSIS_INVOLVED_IN_PROTEIN_CATABOLIC_PROCESS	GOBP_PROTEOLYSIS_INVOLVED_IN_PROTEIN_CATABOLIC_PROCESS		156	0.34373778	1.3455961	0.0	0.7370436	1.0	65	tags=8%, list=1%, signal=8%	
GOBP_CELLULAR_RESPONSE_TO_GLUCOSE_STARVATION	GOBP_CELLULAR_RESPONSE_TO_GLUCOSE_STARVATION		15	0.53157437	1.339581	0.15625	0.7334761	1.0	88	tags=27%, list=2%, signal=27%	
GOBP_LIPID_EXPORT_FROM_CELL	GOBP_LIPID_EXPORT_FROM_CELL		26	0.4633081	1.3385268	0.1092437	0.7135617	1.0	66	tags=8%, list=1%, signal=8%	
GOBP_COMPLEMENT_ACTIVATION	GOBP_COMPLEMENT_ACTIVATION		33	0.46202794	1.3376716	0.097826086	0.69435084	1.0	86	tags=15%, list=2%, signal=15%	
GOBP_NEGATIVE_REGULATION_OF_ESTABLISHMENT_OF_PROTEIN_LOCALIZATION	GOBP_NEGATIVE_REGULATION_OF_ESTABLISHMENT_OF_PROTEIN_LOCALIZATION		42	0.40135798	1.327872	0.04	0.7069768	1.0	58	tags=10%, list=1%, signal=10%	
GOBP_REGULATION_OF_PROTEASOMAL_PROTEIN_CATABOLIC_PROCESS	GOBP_REGULATION_OF_PROTEASOMAL_PROTEIN_CATABOLIC_PROCESS		42	0.42540008	1.3262275	0.10526316	0.6921006	1.0	32	tags=7%, list=1%, signal=7%	
GOBP_PROTEIN_MATURATION	GOBP_PROTEIN_MATURATION		149	0.31919217	1.3101578	0.0	0.72828037	1.0	91	tags=7%, list=2%, signal=7%	
GOBP_REGULATION_OF_MYOTUBE_DIFFERENTIATION	GOBP_REGULATION_OF_MYOTUBE_DIFFERENTIATION		16	0.5212698	1.3016808	0.18796992	0.73815197	1.0	8	tags=6%, list=0%, signal=6%	
GOBP_REGULATION_OF_INTRACELLULAR_PROTEIN_TRANSPORT	GOBP_REGULATION_OF_INTRACELLULAR_PROTEIN_TRANSPORT		49	0.39038962	1.3009088	0.093333334	0.72071844	1.0	42	tags=8%, list=1%, signal=8%	
GOBP_REGULATION_OF_ENDOCRINE_PROCESS	GOBP_REGULATION_OF_ENDOCRINE_PROCESS		18	0.5001936	1.2884177	0.16535433	0.74714595	1.0	18	tags=6%, list=0%, signal=6%	
GOBP_CELLULAR_RESPONSE_TO_NUTRIENT	GOBP_CELLULAR_RESPONSE_TO_NUTRIENT		22	0.46861383	1.2659719	0.15447155	0.80997795	1.0	8	tags=5%, list=0%, signal=5%	
GOBP_RESPIRATORY_BURST	GOBP_RESPIRATORY_BURST		21	0.47944584	1.2657958	0.17460318	0.7902963	1.0	53	tags=14%, list=1%, signal=14%	
GOBP_REGULATION_OF_HORMONE_METABOLIC_PROCESS	GOBP_REGULATION_OF_HORMONE_METABOLIC_PROCESS		16	0.49113408	1.2453022	0.20472442	0.8483361	1.0	18	tags=6%, list=0%, signal=6%	
GOBP_POSITIVE_REGULATION_OF_IMMUNOGLOBULIN_PRODUCTION	GOBP_POSITIVE_REGULATION_OF_IMMUNOGLOBULIN_PRODUCTION		24	0.4401581	1.2342823	0.20183486	0.870871	1.0	17	tags=13%, list=0%, signal=12%	
GOBP_SMAD_PROTEIN_SIGNAL_TRANSDUCTION	GOBP_SMAD_PROTEIN_SIGNAL_TRANSDUCTION		44	0.37790164	1.2262025	0.15	0.88266504	1.0	46	tags=7%, list=1%, signal=7%	
GOBP_POSITIVE_REGULATION_OF_TOR_SIGNALING	GOBP_POSITIVE_REGULATION_OF_TOR_SIGNALING		15	0.48541385	1.2237588	0.21259843	0.871885	1.0	8	tags=7%, list=0%, signal=7%	
GOBP_INTRACELLULAR_PROTEIN_TRANSPORT	GOBP_INTRACELLULAR_PROTEIN_TRANSPORT		130	0.29733902	1.2053282	0.03846154	0.9264687	1.0	85	tags=8%, list=2%, signal=8%	
GOBP_HORMONE_BIOSYNTHETIC_PROCESS	GOBP_HORMONE_BIOSYNTHETIC_PROCESS		19	0.44472912	1.1966603	0.2300885	0.942548	1.0	18	tags=5%, list=0%, signal=5%	
GOBP_RETINA_MORPHOGENESIS_IN_CAMERA_TYPE_EYE	GOBP_RETINA_MORPHOGENESIS_IN_CAMERA_TYPE_EYE		16	0.45922738	1.1892855	0.23239437	0.95378596	1.0	21	tags=6%, list=0%, signal=6%	
GOBP_POSITIVE_REGULATION_OF_OSTEOBLAST_DIFFERENTIATION	GOBP_POSITIVE_REGULATION_OF_OSTEOBLAST_DIFFERENTIATION		38	0.36985424	1.1547664	0.25252524	1.0	1.0	112	tags=8%, list=2%, signal=8%	
GOBP_C21_STEROID_HORMONE_METABOLIC_PROCESS	GOBP_C21_STEROID_HORMONE_METABOLIC_PROCESS		15	0.46760866	1.1511296	0.25384617	1.0	1.0	18	tags=7%, list=0%, signal=7%	
GOBP_NEGATIVE_REGULATION_OF_TRANSFORMING_GROWTH_FACTOR_BETA_RECEPTOR_SIGNALING_PATHWAY	GOBP_NEGATIVE_REGULATION_OF_TRANSFORMING_GROWTH_FACTOR_BETA_RECEPTOR_SIGNALING_PATHWAY		34	0.37535813	1.1431131	0.25438598	1.0	1.0	65	tags=6%, list=1%, signal=6%	
GOBP_REGULATION_OF_SMAD_PROTEIN_SIGNAL_TRANSDUCTION	GOBP_REGULATION_OF_SMAD_PROTEIN_SIGNAL_TRANSDUCTION		36	0.37443095	1.1377326	0.27272728	1.0	1.0	18	tags=6%, list=0%, signal=6%	
GOBP_POSITIVE_REGULATION_OF_PROTEOLYSIS_INVOLVED_IN_PROTEIN_CATABOLIC_PROCESS	GOBP_POSITIVE_REGULATION_OF_PROTEOLYSIS_INVOLVED_IN_PROTEIN_CATABOLIC_PROCESS		44	0.33612722	1.1344253	0.28735632	1.0	1.0	32	tags=7%, list=1%, signal=7%	
GOBP_VASCULAR_ASSOCIATED_SMOOTH_MUSCLE_CELL_PROLIFERATION	GOBP_VASCULAR_ASSOCIATED_SMOOTH_MUSCLE_CELL_PROLIFERATION		40	0.36781344	1.1332997	0.23076923	1.0	1.0	43	tags=5%, list=1%, signal=5%	
GOBP_REGULATION_OF_PHOSPHOLIPID_METABOLIC_PROCESS	GOBP_REGULATION_OF_PHOSPHOLIPID_METABOLIC_PROCESS		16	0.42222214	1.1326343	0.3125	1.0	1.0	8	tags=6%, list=0%, signal=6%	
GOBP_RESPONSE_TO_FLUID_SHEAR_STRESS	GOBP_RESPONSE_TO_FLUID_SHEAR_STRESS		20	0.40586707	1.1299517	0.31707317	1.0	1.0	71	tags=10%, list=1%, signal=10%	
GOBP_VASCULAR_WOUND_HEALING	GOBP_VASCULAR_WOUND_HEALING		17	0.4305733	1.125549	0.29285714	1.0	1.0	8	tags=6%, list=0%, signal=6%	
GOBP_GLYCOSYLATION	GOBP_GLYCOSYLATION		55	0.3312293	1.1250885	0.20454545	1.0	1.0	142	tags=9%, list=3%, signal=9%	
GOBP_CELLULAR_PROCESS_INVOLVED_IN_REPRODUCTION_IN_MULTICELLULAR_ORGANISM	GOBP_CELLULAR_PROCESS_INVOLVED_IN_REPRODUCTION_IN_MULTICELLULAR_ORGANISM		81	0.3069327	1.1207879	0.1724138	1.0	1.0	56	tags=5%, list=1%, signal=5%	
GOBP_POSITIVE_REGULATION_OF_SMOOTH_MUSCLE_CELL_MIGRATION	GOBP_POSITIVE_REGULATION_OF_SMOOTH_MUSCLE_CELL_MIGRATION		26	0.39185026	1.0949794	0.34951457	1.0	1.0	8	tags=4%, list=0%, signal=4%	
GOBP_ANGIOGENESIS_INVOLVED_IN_WOUND_HEALING	GOBP_ANGIOGENESIS_INVOLVED_IN_WOUND_HEALING		21	0.4112626	1.0789131	0.35433072	1.0	1.0	8	tags=5%, list=0%, signal=5%	
GOBP_REGULATION_OF_INTRACELLULAR_TRANSPORT	GOBP_REGULATION_OF_INTRACELLULAR_TRANSPORT		78	0.3045178	1.0779085	0.1627907	1.0	1.0	42	tags=5%, list=1%, signal=5%	
GOBP_SULFUR_COMPOUND_BIOSYNTHETIC_PROCESS	GOBP_SULFUR_COMPOUND_BIOSYNTHETIC_PROCESS		47	0.32542935	1.0751848	0.33766234	1.0	1.0	163	tags=11%, list=3%, signal=11%	
GOBP_NEGATIVE_REGULATION_OF_MUSCLE_CELL_DIFFERENTIATION	GOBP_NEGATIVE_REGULATION_OF_MUSCLE_CELL_DIFFERENTIATION		26	0.38309523	1.0734044	0.36633664	1.0	1.0	8	tags=4%, list=0%, signal=4%	
GOBP_NEGATIVE_REGULATION_OF_INTRINSIC_APOPTOTIC_SIGNALING_PATHWAY	GOBP_NEGATIVE_REGULATION_OF_INTRINSIC_APOPTOTIC_SIGNALING_PATHWAY		29	0.37192318	1.0704745	0.36697248	1.0	1.0	9	tags=7%, list=0%, signal=7%	
GOBP_GLYCOPROTEIN_BIOSYNTHETIC_PROCESS	GOBP_GLYCOPROTEIN_BIOSYNTHETIC_PROCESS		85	0.28551036	1.0674962	0.3409091	1.0	1.0	152	tags=11%, list=3%, signal=11%	
GOBP_REGULATION_OF_STRIATED_MUSCLE_CELL_DIFFERENTIATION	GOBP_REGULATION_OF_STRIATED_MUSCLE_CELL_DIFFERENTIATION		35	0.33852974	1.0664924	0.36936936	1.0	1.0	8	tags=3%, list=0%, signal=3%	
GOBP_NEGATIVE_REGULATION_OF_MRNA_METABOLIC_PROCESS	GOBP_NEGATIVE_REGULATION_OF_MRNA_METABOLIC_PROCESS		17	0.413802	1.062976	0.40151516	1.0	1.0	4	tags=6%, list=0%, signal=6%	
GOBP_ENDOCHONDRAL_BONE_MORPHOGENESIS	GOBP_ENDOCHONDRAL_BONE_MORPHOGENESIS		30	0.36517757	1.061832	0.37815127	1.0	1.0	46	tags=7%, list=1%, signal=7%	
GOBP_SALIVARY_GLAND_DEVELOPMENT	GOBP_SALIVARY_GLAND_DEVELOPMENT		24	0.3864058	1.0580242	0.3923077	1.0	1.0	8	tags=4%, list=0%, signal=4%	
GOBP_NEGATIVE_REGULATION_OF_MRNA_CATABOLIC_PROCESS	GOBP_NEGATIVE_REGULATION_OF_MRNA_CATABOLIC_PROCESS		17	0.413802	1.0570524	0.39166668	1.0	1.0	4	tags=6%, list=0%, signal=6%	
GOBP_REGULATION_OF_CELLULAR_RESPONSE_TO_TRANSFORMING_GROWTH_FACTOR_BETA_STIMULUS	GOBP_REGULATION_OF_CELLULAR_RESPONSE_TO_TRANSFORMING_GROWTH_FACTOR_BETA_STIMULUS		55	0.3049704	1.049073	0.33333334	1.0	1.0	71	tags=7%, list=1%, signal=7%	
GOBP_ADIPOSE_TISSUE_DEVELOPMENT	GOBP_ADIPOSE_TISSUE_DEVELOPMENT		27	0.36113924	1.048549	0.38938054	1.0	1.0	66	tags=7%, list=1%, signal=7%	
GOBP_CELLULAR_RESPONSE_TO_VASCULAR_ENDOTHELIAL_GROWTH_FACTOR_STIMULUS	GOBP_CELLULAR_RESPONSE_TO_VASCULAR_ENDOTHELIAL_GROWTH_FACTOR_STIMULUS		47	0.31849876	1.045907	0.3448276	1.0	1.0	43	tags=4%, list=1%, signal=4%	
GOBP_REGULATION_OF_PROTEOLYSIS_INVOLVED_IN_PROTEIN_CATABOLIC_PROCESS	GOBP_REGULATION_OF_PROTEOLYSIS_INVOLVED_IN_PROTEIN_CATABOLIC_PROCESS		53	0.31355205	1.0420277	0.33333334	1.0	1.0	32	tags=6%, list=1%, signal=6%	
GOBP_ORGANIC_CATION_TRANSPORT	GOBP_ORGANIC_CATION_TRANSPORT		40	0.32728282	1.0419558	0.38541666	1.0	1.0	88	tags=10%, list=2%, signal=10%	
GOBP_NEUTRAL_AMINO_ACID_TRANSPORT	GOBP_NEUTRAL_AMINO_ACID_TRANSPORT		19	0.41089574	1.0377945	0.4	1.0	1.0	88	tags=16%, list=2%, signal=16%	
GOBP_CARBOHYDRATE_DERIVATIVE_BIOSYNTHETIC_PROCESS	GOBP_CARBOHYDRATE_DERIVATIVE_BIOSYNTHETIC_PROCESS		122	0.26423588	1.0369002	0.36363637	1.0	1.0	152	tags=9%, list=3%, signal=9%	
GOBP_ENDOCRINE_HORMONE_SECRETION	GOBP_ENDOCRINE_HORMONE_SECRETION		30	0.36851794	1.0355277	0.39805827	1.0	1.0	66	tags=7%, list=1%, signal=7%	
GOBP_SMOOTH_MUSCLE_CELL_MIGRATION	GOBP_SMOOTH_MUSCLE_CELL_MIGRATION		47	0.32342473	1.02796	0.4125	1.0	1.0	32	tags=4%, list=1%, signal=4%	
GOBP_MATERNAL_PROCESS_INVOLVED_IN_FEMALE_PREGNANCY	GOBP_MATERNAL_PROCESS_INVOLVED_IN_FEMALE_PREGNANCY		23	0.38669488	1.0264367	0.44347826	1.0	1.0	71	tags=9%, list=1%, signal=9%	
GOBP_EPITHELIAL_CELL_DEVELOPMENT	GOBP_EPITHELIAL_CELL_DEVELOPMENT		94	0.275855	1.0251012	0.42105263	1.0	1.0	126	tags=6%, list=3%, signal=6%	
GOBP_BONE_MORPHOGENESIS	GOBP_BONE_MORPHOGENESIS		50	0.30239773	1.0205973	0.4054054	1.0	1.0	71	tags=6%, list=1%, signal=6%	
GOBP_POSITIVE_REGULATION_OF_LIPID_BIOSYNTHETIC_PROCESS	GOBP_POSITIVE_REGULATION_OF_LIPID_BIOSYNTHETIC_PROCESS		44	0.31637272	1.0120149	0.37864077	1.0	1.0	18	tags=5%, list=0%, signal=5%	
GOBP_PHOTORECEPTOR_CELL_DIFFERENTIATION	GOBP_PHOTORECEPTOR_CELL_DIFFERENTIATION		17	0.3955922	1.0117586	0.45038167	1.0	1.0	21	tags=6%, list=0%, signal=6%	
GOBP_EXOCRINE_SYSTEM_DEVELOPMENT	GOBP_EXOCRINE_SYSTEM_DEVELOPMENT		30	0.35108796	1.0097756	0.46728972	1.0	1.0	8	tags=3%, list=0%, signal=3%	
GOBP_PROTEOLYSIS	GOBP_PROTEOLYSIS		397	0.224344	1.0087385	0.0	1.0	1.0	101	tags=5%, list=2%, signal=4%	
GOBP_REGULATION_OF_TRANSMEMBRANE_RECEPTOR_PROTEIN_SERINE_THREONINE_KINASE_SIGNALING_PATHWAY	GOBP_REGULATION_OF_TRANSMEMBRANE_RECEPTOR_PROTEIN_SERINE_THREONINE_KINASE_SIGNALING_PATHWAY		117	0.24749035	1.0073528	0.46153846	1.0	1.0	71	tags=4%, list=1%, signal=4%	
GOBP_POSITIVE_REGULATION_OF_CARTILAGE_DEVELOPMENT	GOBP_POSITIVE_REGULATION_OF_CARTILAGE_DEVELOPMENT		20	0.38478723	1.0068656	0.45945945	1.0	1.0	46	tags=10%, list=1%, signal=10%	
GOBP_POSITIVE_REGULATION_OF_RESPONSE_TO_WOUNDING	GOBP_POSITIVE_REGULATION_OF_RESPONSE_TO_WOUNDING		36	0.3226401	1.005508	0.4787234	1.0	1.0	8	tags=3%, list=0%, signal=3%	
GOBP_NEGATIVE_REGULATION_OF_PROTEIN_LOCALIZATION	GOBP_NEGATIVE_REGULATION_OF_PROTEIN_LOCALIZATION		62	0.2856432	1.0023794	0.4597701	1.0	1.0	58	tags=6%, list=1%, signal=6%	
GOBP_REGULATION_OF_VASCULAR_PERMEABILITY	GOBP_REGULATION_OF_VASCULAR_PERMEABILITY		27	0.34786755	0.9986828	0.5051546	1.0	1.0	18	tags=4%, list=0%, signal=4%	
GOBP_CELLULAR_RESPONSE_TO_INSULIN_STIMULUS	GOBP_CELLULAR_RESPONSE_TO_INSULIN_STIMULUS		74	0.27698418	0.99234045	0.5483871	1.0	1.0	8	tags=3%, list=0%, signal=3%	
GOBP_DIGESTIVE_SYSTEM_DEVELOPMENT	GOBP_DIGESTIVE_SYSTEM_DEVELOPMENT		65	0.28162634	0.98639894	0.5131579	1.0	1.0	21	tags=3%, list=0%, signal=3%	
GOBP_NEGATIVE_REGULATION_OF_RNA_CATABOLIC_PROCESS	GOBP_NEGATIVE_REGULATION_OF_RNA_CATABOLIC_PROCESS		18	0.40120202	0.9860835	0.49532712	1.0	1.0	4	tags=6%, list=0%, signal=6%	
GOBP_REGULATION_OF_INSULIN_RECEPTOR_SIGNALING_PATHWAY	GOBP_REGULATION_OF_INSULIN_RECEPTOR_SIGNALING_PATHWAY		27	0.35981268	0.97934437	0.5102041	1.0	1.0	2	tags=4%, list=0%, signal=4%	
GOBP_POSITIVE_REGULATION_OF_PROTEIN_CATABOLIC_PROCESS	GOBP_POSITIVE_REGULATION_OF_PROTEIN_CATABOLIC_PROCESS		71	0.27297872	0.97770554	0.509434	1.0	1.0	32	tags=4%, list=1%, signal=4%	
GOBP_POSITIVE_REGULATION_OF_ENDOTHELIAL_CELL_APOPTOTIC_PROCESS	GOBP_POSITIVE_REGULATION_OF_ENDOTHELIAL_CELL_APOPTOTIC_PROCESS		15	0.38327998	0.9741031	0.46153846	1.0	1.0	8	tags=7%, list=0%, signal=7%	
GOBP_REGULATION_OF_ALCOHOL_BIOSYNTHETIC_PROCESS	GOBP_REGULATION_OF_ALCOHOL_BIOSYNTHETIC_PROCESS		20	0.36014956	0.9737553	0.48387095	1.0	1.0	18	tags=5%, list=0%, signal=5%	
GOBP_DEFENSE_RESPONSE_TO_BACTERIUM	GOBP_DEFENSE_RESPONSE_TO_BACTERIUM		147	0.24928914	0.9701151	0.45	1.0	1.0	102	tags=5%, list=2%, signal=5%	
GOBP_NEGATIVE_REGULATION_OF_REPRODUCTIVE_PROCESS	GOBP_NEGATIVE_REGULATION_OF_REPRODUCTIVE_PROCESS		34	0.32021365	0.96572876	0.528	1.0	1.0	116	tags=9%, list=2%, signal=9%	
GOBP_POSITIVE_REGULATION_OF_INTERLEUKIN_4_PRODUCTION	GOBP_POSITIVE_REGULATION_OF_INTERLEUKIN_4_PRODUCTION		21	0.35453048	0.96189594	0.49107143	1.0	1.0	88	tags=10%, list=2%, signal=10%	
GOBP_POSITIVE_REGULATION_OF_SMOOTH_MUSCLE_CELL_PROLIFERATION	GOBP_POSITIVE_REGULATION_OF_SMOOTH_MUSCLE_CELL_PROLIFERATION		51	0.2822446	0.9615093	0.57471263	1.0	1.0	43	tags=4%, list=1%, signal=4%	
GOBP_L_ALPHA_AMINO_ACID_TRANSMEMBRANE_TRANSPORT	GOBP_L_ALPHA_AMINO_ACID_TRANSMEMBRANE_TRANSPORT		20	0.35031202	0.96026474	0.5	1.0	1.0	88	tags=15%, list=2%, signal=15%	
GOBP_REGULATION_OF_KETONE_METABOLIC_PROCESS	GOBP_REGULATION_OF_KETONE_METABOLIC_PROCESS		53	0.28545973	0.9563986	0.5822785	1.0	1.0	18	tags=4%, list=0%, signal=4%	
GOBP_GENITALIA_DEVELOPMENT	GOBP_GENITALIA_DEVELOPMENT		18	0.37872204	0.95630157	0.519084	1.0	1.0	18	tags=6%, list=0%, signal=6%	
GOBP_REGULATION_OF_CHONDROCYTE_DIFFERENTIATION	GOBP_REGULATION_OF_CHONDROCYTE_DIFFERENTIATION		31	0.31145796	0.94571245	0.5126051	1.0	1.0	46	tags=6%, list=1%, signal=6%	
GOBP_REGULATION_OF_GLUCOSE_METABOLIC_PROCESS	GOBP_REGULATION_OF_GLUCOSE_METABOLIC_PROCESS		31	0.3166809	0.94007605	0.5565217	1.0	1.0	206	tags=16%, list=4%, signal=17%	
GOBP_REGULATION_OF_INTRINSIC_APOPTOTIC_SIGNALING_PATHWAY	GOBP_REGULATION_OF_INTRINSIC_APOPTOTIC_SIGNALING_PATHWAY		49	0.29421642	0.93943095	0.5263158	1.0	1.0	9	tags=4%, list=0%, signal=4%	
GOBP_POSITIVE_REGULATION_OF_FAT_CELL_DIFFERENTIATION	GOBP_POSITIVE_REGULATION_OF_FAT_CELL_DIFFERENTIATION		32	0.31853223	0.9358116	0.59574467	1.0	1.0	8	tags=3%, list=0%, signal=3%	
GOBP_STEROL_HOMEOSTASIS	GOBP_STEROL_HOMEOSTASIS		40	0.30059502	0.9356208	0.5588235	1.0	1.0	85	tags=5%, list=2%, signal=5%	
GOBP_SMOOTH_MUSCLE_CELL_PROLIFERATION	GOBP_SMOOTH_MUSCLE_CELL_PROLIFERATION		88	0.24820693	0.9325613	0.575	1.0	1.0	43	tags=3%, list=1%, signal=3%	
GOBP_EMBRYONIC_FORELIMB_MORPHOGENESIS	GOBP_EMBRYONIC_FORELIMB_MORPHOGENESIS		16	0.3526388	0.9303484	0.5966387	1.0	1.0	46	tags=6%, list=1%, signal=6%	
GOBP_MRNA_CATABOLIC_PROCESS	GOBP_MRNA_CATABOLIC_PROCESS		35	0.31518668	0.927896	0.6	1.0	1.0	129	tags=11%, list=3%, signal=12%	
GOBP_NEGATIVE_REGULATION_OF_TRANSMEMBRANE_RECEPTOR_PROTEIN_SERINE_THREONINE_KINASE_SIGNALING_PATHWAY	GOBP_NEGATIVE_REGULATION_OF_TRANSMEMBRANE_RECEPTOR_PROTEIN_SERINE_THREONINE_KINASE_SIGNALING_PATHWAY		61	0.27137902	0.9253789	0.62903225	1.0	1.0	65	tags=3%, list=1%, signal=3%	
GOBP_CALCIUM_ION_REGULATED_EXOCYTOSIS	GOBP_CALCIUM_ION_REGULATED_EXOCYTOSIS		19	0.35775965	0.92252105	0.5546875	1.0	1.0	3217	tags=100%, list=64%, signal=279%	
GOBP_REGULATION_OF_MRNA_CATABOLIC_PROCESS	GOBP_REGULATION_OF_MRNA_CATABOLIC_PROCESS		30	0.31427014	0.91925025	0.54	1.0	1.0	129	tags=10%, list=3%, signal=10%	
GOBP_RESPONSE_TO_INSULIN	GOBP_RESPONSE_TO_INSULIN		94	0.24036987	0.9123039	0.68	1.0	1.0	165	tags=7%, list=3%, signal=8%	
GOBP_ALDEHYDE_METABOLIC_PROCESS	GOBP_ALDEHYDE_METABOLIC_PROCESS		23	0.32899287	0.9104568	0.58914727	1.0	1.0	18	tags=4%, list=0%, signal=4%	
GOBP_BODY_FLUID_SECRETION	GOBP_BODY_FLUID_SECRETION		36	0.2954798	0.90919214	0.6666667	1.0	1.0	8	tags=3%, list=0%, signal=3%	
GOBP_MALE_SEX_DIFFERENTIATION	GOBP_MALE_SEX_DIFFERENTIATION		59	0.25437203	0.90876555	0.6507937	1.0	1.0	71	tags=5%, list=1%, signal=5%	
GOBP_SKELETAL_MUSCLE_CONTRACTION	GOBP_SKELETAL_MUSCLE_CONTRACTION		24	0.31383613	0.90543455	0.62711865	1.0	1.0	15	tags=4%, list=0%, signal=4%	
GOBP_THIOESTER_BIOSYNTHETIC_PROCESS	GOBP_THIOESTER_BIOSYNTHETIC_PROCESS		18	0.3578766	0.9049407	0.55737704	1.0	1.0	14	tags=6%, list=0%, signal=6%	
GOBP_MUSCLE_CELL_MIGRATION	GOBP_MUSCLE_CELL_MIGRATION		54	0.2710671	0.90270954	0.67058825	1.0	1.0	32	tags=4%, list=1%, signal=4%	
GOBP_SECRETORY_GRANULE_ORGANIZATION	GOBP_SECRETORY_GRANULE_ORGANIZATION		16	0.3639196	0.8979043	0.5675676	1.0	1.0	89	tags=19%, list=2%, signal=19%	
GOBP_RESPIRATORY_GASEOUS_EXCHANGE_BY_RESPIRATORY_SYSTEM	GOBP_RESPIRATORY_GASEOUS_EXCHANGE_BY_RESPIRATORY_SYSTEM		28	0.30612352	0.89320254	0.6698113	1.0	1.0	37	tags=7%, list=1%, signal=7%	
GOBP_BIOLOGICAL_PROCESS_INVOLVED_IN_INTRASPECIES_INTERACTION_BETWEEN_ORGANISMS	GOBP_BIOLOGICAL_PROCESS_INVOLVED_IN_INTRASPECIES_INTERACTION_BETWEEN_ORGANISMS		20	0.33453807	0.8909176	0.5833333	1.0	1.0	3333	tags=100%, list=67%, signal=299%	
GOBP_INSULIN_RECEPTOR_SIGNALING_PATHWAY	GOBP_INSULIN_RECEPTOR_SIGNALING_PATHWAY		49	0.2663101	0.8905105	0.6701031	1.0	1.0	2	tags=2%, list=0%, signal=2%	
GOBP_CELL_FATE_COMMITMENT	GOBP_CELL_FATE_COMMITMENT		114	0.21358737	0.8856084	0.7777778	1.0	1.0	111	tags=4%, list=2%, signal=4%	
GOBP_RESPIRATORY_SYSTEM_PROCESS	GOBP_RESPIRATORY_SYSTEM_PROCESS		15	0.3437237	0.8779905	0.6180556	1.0	1.0	29	tags=7%, list=1%, signal=7%	
GOBP_NEURAL_RETINA_DEVELOPMENT	GOBP_NEURAL_RETINA_DEVELOPMENT		21	0.3322309	0.8776017	0.61864406	1.0	1.0	21	tags=5%, list=0%, signal=5%	
GOBP_POLYSACCHARIDE_BIOSYNTHETIC_PROCESS	GOBP_POLYSACCHARIDE_BIOSYNTHETIC_PROCESS		15	0.36168504	0.8767489	0.60150373	1.0	1.0	3196	tags=100%, list=64%, signal=276%	
GOBP_ADHERENS_JUNCTION_ORGANIZATION	GOBP_ADHERENS_JUNCTION_ORGANIZATION		30	0.29354182	0.87211376	0.6666667	1.0	1.0	18	tags=3%, list=0%, signal=3%	
GOBP_NEGATIVE_REGULATION_OF_APOPTOTIC_SIGNALING_PATHWAY	GOBP_NEGATIVE_REGULATION_OF_APOPTOTIC_SIGNALING_PATHWAY		73	0.24314924	0.8687046	0.71428573	1.0	1.0	9	tags=3%, list=0%, signal=3%	
GOBP_POSITIVE_REGULATION_OF_EPITHELIAL_CELL_PROLIFERATION	GOBP_POSITIVE_REGULATION_OF_EPITHELIAL_CELL_PROLIFERATION		103	0.22537021	0.85539794	0.625	1.0	1.0	46	tags=3%, list=1%, signal=3%	
GOBP_T_HELPER_CELL_LINEAGE_COMMITMENT	GOBP_T_HELPER_CELL_LINEAGE_COMMITMENT		16	0.35692307	0.8551636	0.64761907	1.0	1.0	10	tags=6%, list=0%, signal=6%	
GOBP_AMINO_ACID_TRANSMEMBRANE_TRANSPORT	GOBP_AMINO_ACID_TRANSMEMBRANE_TRANSPORT		32	0.2790775	0.84675443	0.7090909	1.0	1.0	88	tags=9%, list=2%, signal=9%	
GOBP_CELL_CELL_ADHESION_MEDIATED_BY_CADHERIN	GOBP_CELL_CELL_ADHESION_MEDIATED_BY_CADHERIN		25	0.29884824	0.84420097	0.71755725	1.0	1.0	18	tags=4%, list=0%, signal=4%	
GOBP_VASCULAR_PROCESS_IN_CIRCULATORY_SYSTEM	GOBP_VASCULAR_PROCESS_IN_CIRCULATORY_SYSTEM		129	0.20920224	0.8441579	0.90909094	1.0	1.0	102	tags=6%, list=2%, signal=6%	
GOBP_REGULATION_OF_STEROID_BIOSYNTHETIC_PROCESS	GOBP_REGULATION_OF_STEROID_BIOSYNTHETIC_PROCESS		30	0.2818934	0.8391384	0.7479675	1.0	1.0	18	tags=3%, list=0%, signal=3%	
GOBP_POSTSYNAPTIC_MEMBRANE_ORGANIZATION	GOBP_POSTSYNAPTIC_MEMBRANE_ORGANIZATION		16	0.33426964	0.83290035	0.6535433	1.0	1.0	3333	tags=100%, list=67%, signal=299%	
GOBP_REGULATION_OF_ANIMAL_ORGAN_MORPHOGENESIS	GOBP_REGULATION_OF_ANIMAL_ORGAN_MORPHOGENESIS		47	0.26366612	0.8326461	0.8117647	1.0	1.0	71	tags=6%, list=1%, signal=6%	
GOBP_POSITIVE_REGULATION_OF_TRANSMEMBRANE_RECEPTOR_PROTEIN_SERINE_THREONINE_KINASE_SIGNALING_PATHWAY	GOBP_POSITIVE_REGULATION_OF_TRANSMEMBRANE_RECEPTOR_PROTEIN_SERINE_THREONINE_KINASE_SIGNALING_PATHWAY		48	0.26277494	0.82969356	0.71428573	1.0	1.0	71	tags=6%, list=1%, signal=6%	
GOBP_INTRACELLULAR_IRON_ION_HOMEOSTASIS	GOBP_INTRACELLULAR_IRON_ION_HOMEOSTASIS		26	0.2834715	0.8214573	0.7368421	1.0	1.0	142	tags=8%, list=3%, signal=8%	
GOBP_ENDOTHELIAL_CELL_PROLIFERATION	GOBP_ENDOTHELIAL_CELL_PROLIFERATION		97	0.22356646	0.82091653	0.95	1.0	1.0	43	tags=3%, list=1%, signal=3%	
GOBP_CELL_SURFACE_RECEPTOR_PROTEIN_SERINE_THREONINE_KINASE_SIGNALING_PATHWAY	GOBP_CELL_SURFACE_RECEPTOR_PROTEIN_SERINE_THREONINE_KINASE_SIGNALING_PATHWAY		163	0.1976884	0.81746155	1.0	1.0	1.0	71	tags=4%, list=1%, signal=4%	
GOBP_ACYL_COA_METABOLIC_PROCESS	GOBP_ACYL_COA_METABOLIC_PROCESS		29	0.28758988	0.8172153	0.77692306	1.0	1.0	14	tags=3%, list=0%, signal=3%	
GOBP_CORONARY_VASCULATURE_DEVELOPMENT	GOBP_CORONARY_VASCULATURE_DEVELOPMENT		25	0.29333922	0.81704324	0.7387387	1.0	1.0	21	tags=4%, list=0%, signal=4%	
GOBP_REGULATION_OF_OSTEOBLAST_DIFFERENTIATION	GOBP_REGULATION_OF_OSTEOBLAST_DIFFERENTIATION		65	0.23654862	0.81467223	0.86153847	1.0	1.0	112	tags=6%, list=2%, signal=6%	
GOBP_INTERLEUKIN_4_PRODUCTION	GOBP_INTERLEUKIN_4_PRODUCTION		24	0.30126804	0.81372607	0.6695652	1.0	1.0	88	tags=8%, list=2%, signal=8%	
GOBP_NEGATIVE_REGULATION_OF_ERK1_AND_ERK2_CASCADE	GOBP_NEGATIVE_REGULATION_OF_ERK1_AND_ERK2_CASCADE		39	0.26557425	0.8129843	0.7741935	1.0	1.0	73	tags=5%, list=1%, signal=5%	
GOBP_REGULATION_OF_CARTILAGE_DEVELOPMENT	GOBP_REGULATION_OF_CARTILAGE_DEVELOPMENT		44	0.25494033	0.8076904	0.81904763	1.0	1.0	46	tags=5%, list=1%, signal=5%	
GOBP_POSITIVE_REGULATION_OF_EPITHELIAL_CELL_DIFFERENTIATION	GOBP_POSITIVE_REGULATION_OF_EPITHELIAL_CELL_DIFFERENTIATION		30	0.28195298	0.80072504	0.8145161	1.0	1.0	18	tags=3%, list=0%, signal=3%	
GOBP_RESPONSE_TO_PROGESTERONE	GOBP_RESPONSE_TO_PROGESTERONE		16	0.30877447	0.7997439	0.6689189	1.0	1.0	103	tags=13%, list=2%, signal=13%	
GOBP_ENDOCRINE_PROCESS	GOBP_ENDOCRINE_PROCESS		54	0.23345819	0.7890181	0.9220779	1.0	1.0	66	tags=4%, list=1%, signal=4%	
GOBP_CAMERA_TYPE_EYE_MORPHOGENESIS	GOBP_CAMERA_TYPE_EYE_MORPHOGENESIS		43	0.24664854	0.7812841	0.8372093	1.0	1.0	71	tags=5%, list=1%, signal=5%	
GOBP_FORELIMB_MORPHOGENESIS	GOBP_FORELIMB_MORPHOGENESIS		18	0.28853747	0.7705496	0.7822581	1.0	1.0	46	tags=6%, list=1%, signal=6%	
GOBP_METHYLATION	GOBP_METHYLATION		20	0.2776499	0.76971525	0.7948718	1.0	1.0	21	tags=5%, list=0%, signal=5%	
GOBP_SULFUR_COMPOUND_METABOLIC_PROCESS	GOBP_SULFUR_COMPOUND_METABOLIC_PROCESS		94	0.19821562	0.76563054	0.94285715	1.0	1.0	163	tags=7%, list=3%, signal=8%	
GOBP_VENTRICULAR_SEPTUM_DEVELOPMENT	GOBP_VENTRICULAR_SEPTUM_DEVELOPMENT		36	0.24607012	0.764913	0.85555553	1.0	1.0	71	tags=6%, list=1%, signal=6%	
GOBP_LIPID_HOMEOSTASIS	GOBP_LIPID_HOMEOSTASIS		63	0.21267782	0.7641049	0.9705882	1.0	1.0	85	tags=3%, list=2%, signal=3%	
GOBP_KETONE_METABOLIC_PROCESS	GOBP_KETONE_METABOLIC_PROCESS		76	0.21450035	0.7634782	0.8867925	1.0	1.0	18	tags=3%, list=0%, signal=3%	
GOBP_KERATINIZATION	GOBP_KERATINIZATION		45	0.23269416	0.7597134	0.87058824	1.0	1.0	3846	tags=100%, list=77%, signal=429%	
GOBP_MUSCLE_CELL_PROLIFERATION	GOBP_MUSCLE_CELL_PROLIFERATION		118	0.19626321	0.7558043	1.0	1.0	1.0	43	tags=3%, list=1%, signal=3%	
GOBP_HEPATICOBILIARY_SYSTEM_DEVELOPMENT	GOBP_HEPATICOBILIARY_SYSTEM_DEVELOPMENT		52	0.23686758	0.7523636	0.89215684	1.0	1.0	88	tags=6%, list=2%, signal=6%	
GOBP_POSITIVE_REGULATION_OF_MUSCLE_CONTRACTION	GOBP_POSITIVE_REGULATION_OF_MUSCLE_CONTRACTION		17	0.29038733	0.7483532	0.75	1.0	1.0	3552	tags=100%, list=71%, signal=344%	
GOBP_RESPONSE_TO_BMP	GOBP_RESPONSE_TO_BMP		76	0.21362968	0.7442867	0.9622642	1.0	1.0	46	tags=3%, list=1%, signal=3%	
GOBP_GLUTAMATE_RECEPTOR_SIGNALING_PATHWAY	GOBP_GLUTAMATE_RECEPTOR_SIGNALING_PATHWAY		27	0.2598434	0.74208736	0.8596491	1.0	1.0	190	tags=15%, list=4%, signal=15%	
GOBP_REGULATION_OF_NATURAL_KILLER_CELL_ACTIVATION	GOBP_REGULATION_OF_NATURAL_KILLER_CELL_ACTIVATION		24	0.27003807	0.7409103	0.8515625	1.0	1.0	21	tags=4%, list=0%, signal=4%	
GOBP_CGMP_MEDIATED_SIGNALING	GOBP_CGMP_MEDIATED_SIGNALING		16	0.2985555	0.73976153	0.7867647	1.0	1.0	3511	tags=100%, list=70%, signal=335%	
GOBP_ENDOCRINE_SYSTEM_DEVELOPMENT	GOBP_ENDOCRINE_SYSTEM_DEVELOPMENT		49	0.2208258	0.7388942	0.9009901	1.0	1.0	155	tags=8%, list=3%, signal=8%	
GOBP_CONNECTIVE_TISSUE_DEVELOPMENT	GOBP_CONNECTIVE_TISSUE_DEVELOPMENT		160	0.18375118	0.7306312	1.0	1.0	1.0	66	tags=3%, list=1%, signal=3%	
GOBP_NITRIC_OXIDE_MEDIATED_SIGNAL_TRANSDUCTION	GOBP_NITRIC_OXIDE_MEDIATED_SIGNAL_TRANSDUCTION		15	0.2934804	0.72908866	0.787037	1.0	1.0	3536	tags=100%, list=71%, signal=341%	
GOBP_GLYCOSAMINOGLYCAN_BIOSYNTHETIC_PROCESS	GOBP_GLYCOSAMINOGLYCAN_BIOSYNTHETIC_PROCESS		23	0.26718038	0.7288005	0.8545455	1.0	1.0	115	tags=9%, list=2%, signal=9%	
GOBP_RENAL_SYSTEM_VASCULATURE_DEVELOPMENT	GOBP_RENAL_SYSTEM_VASCULATURE_DEVELOPMENT		24	0.25120574	0.7286021	0.8130081	1.0	1.0	3749	tags=100%, list=75%, signal=398%	
GOBP_CELLULAR_OXIDANT_DETOXIFICATION	GOBP_CELLULAR_OXIDANT_DETOXIFICATION		35	0.22783162	0.72458357	0.8701299	1.0	1.0	165	tags=9%, list=3%, signal=9%	
GOBP_OVULATION_CYCLE	GOBP_OVULATION_CYCLE		25	0.2516584	0.71803176	0.88188976	1.0	1.0	3747	tags=100%, list=75%, signal=397%	
GOBP_HORMONE_METABOLIC_PROCESS	GOBP_HORMONE_METABOLIC_PROCESS		102	0.19378586	0.71691895	1.0	1.0	1.0	66	tags=3%, list=1%, signal=3%	
GOBP_LUNG_ALVEOLUS_DEVELOPMENT	GOBP_LUNG_ALVEOLUS_DEVELOPMENT		27	0.2517596	0.71243423	0.856	1.0	1.0	3747	tags=100%, list=75%, signal=397%	
GOBP_REGULATION_OF_CELLULAR_RESPONSE_TO_GROWTH_FACTOR_STIMULUS	GOBP_REGULATION_OF_CELLULAR_RESPONSE_TO_GROWTH_FACTOR_STIMULUS		151	0.17588598	0.7120475	1.0	1.0	1.0	71	tags=3%, list=1%, signal=3%	
GOBP_REGULATION_OF_VASOCONSTRICTION	GOBP_REGULATION_OF_VASOCONSTRICTION		28	0.23209377	0.7097383	0.86440676	1.0	1.0	201	tags=14%, list=4%, signal=15%	
GOBP_REGULATION_OF_STEROID_METABOLIC_PROCESS	GOBP_REGULATION_OF_STEROID_METABOLIC_PROCESS		42	0.22845177	0.7060607	0.9550562	1.0	1.0	18	tags=2%, list=0%, signal=2%	
GOBP_PRIMARY_ALCOHOL_METABOLIC_PROCESS	GOBP_PRIMARY_ALCOHOL_METABOLIC_PROCESS		45	0.2154098	0.70117515	0.9310345	1.0	1.0	18	tags=2%, list=0%, signal=2%	
GOBP_AMINOGLYCAN_BIOSYNTHETIC_PROCESS	GOBP_AMINOGLYCAN_BIOSYNTHETIC_PROCESS		25	0.24326079	0.6987343	0.88135594	1.0	1.0	115	tags=8%, list=2%, signal=8%	
GOBP_ARTERY_MORPHOGENESIS	GOBP_ARTERY_MORPHOGENESIS		50	0.20947137	0.6932603	0.9673913	1.0	1.0	71	tags=4%, list=1%, signal=4%	
GOBP_PROSTATE_GLAND_MORPHOGENESIS	GOBP_PROSTATE_GLAND_MORPHOGENESIS		18	0.25351253	0.6911993	0.82539684	1.0	1.0	3736	tags=100%, list=75%, signal=394%	
GOBP_REGULATION_OF_MUSCLE_CELL_DIFFERENTIATION	GOBP_REGULATION_OF_MUSCLE_CELL_DIFFERENTIATION		62	0.19997713	0.68519616	0.98717946	1.0	1.0	8	tags=2%, list=0%, signal=2%	
GOBP_HEART_VALVE_DEVELOPMENT	GOBP_HEART_VALVE_DEVELOPMENT		42	0.21073486	0.66949457	0.95049506	1.0	1.0	21	tags=2%, list=0%, signal=2%	
GOBP_RESPONSE_TO_AUDITORY_STIMULUS	GOBP_RESPONSE_TO_AUDITORY_STIMULUS		16	0.25280902	0.6622076	0.88372093	1.0	1.0	3739	tags=100%, list=75%, signal=395%	
GOBP_DETOXIFICATION	GOBP_DETOXIFICATION		53	0.19598977	0.65357673	0.96385545	1.0	1.0	165	tags=9%, list=3%, signal=10%	
GOBP_ENDOTHELIAL_CELL_DIFFERENTIATION	GOBP_ENDOTHELIAL_CELL_DIFFERENTIATION		62	0.1897092	0.6504271	1.0	1.0	1.0	158	tags=8%, list=3%, signal=8%	
GOBP_CENTRAL_NERVOUS_SYSTEM_NEURON_DEVELOPMENT	GOBP_CENTRAL_NERVOUS_SYSTEM_NEURON_DEVELOPMENT		39	0.20670906	0.64813334	0.9787234	1.0	1.0	126	tags=10%, list=3%, signal=10%	
GOBP_SMOOTH_MUSCLE_CONTRACTION	GOBP_SMOOTH_MUSCLE_CONTRACTION		45	0.20387027	0.6291767	0.96590906	1.0	1.0	3735	tags=98%, list=75%, signal=383%	
GOBP_OVULATION_CYCLE_PROCESS	GOBP_OVULATION_CYCLE_PROCESS		17	0.25125423	0.6275024	0.9166667	1.0	1.0	3747	tags=100%, list=75%, signal=398%	
GOBP_REGULATION_OF_FIBROBLAST_GROWTH_FACTOR_RECEPTOR_SIGNALING_PATHWAY	GOBP_REGULATION_OF_FIBROBLAST_GROWTH_FACTOR_RECEPTOR_SIGNALING_PATHWAY		21	0.2270329	0.6268926	0.9465649	1.0	1.0	46	tags=5%, list=1%, signal=5%	
GOBP_REGULATION_OF_WOUND_HEALING	GOBP_REGULATION_OF_WOUND_HEALING		71	0.1695681	0.6196795	1.0	1.0	1.0	8	tags=1%, list=0%, signal=1%	
GOBP_VASOCONSTRICTION	GOBP_VASOCONSTRICTION		37	0.19587642	0.61629254	0.96330273	1.0	1.0	145	tags=8%, list=3%, signal=8%	
GOBP_HINDBRAIN_MORPHOGENESIS	GOBP_HINDBRAIN_MORPHOGENESIS		17	0.2364582	0.6127942	0.888	1.0	1.0	65	tags=6%, list=1%, signal=6%	
GOBP_FIBROBLAST_GROWTH_FACTOR_RECEPTOR_SIGNALING_PATHWAY	GOBP_FIBROBLAST_GROWTH_FACTOR_RECEPTOR_SIGNALING_PATHWAY		33	0.20616055	0.6113991	0.93333334	1.0	1.0	3975	tags=100%, list=80%, signal=485%	
GOBP_STEROID_BIOSYNTHETIC_PROCESS	GOBP_STEROID_BIOSYNTHETIC_PROCESS		54	0.18124759	0.61031896	1.0	1.0	1.0	18	tags=2%, list=0%, signal=2%	
GOBP_PROSTATE_GLAND_DEVELOPMENT	GOBP_PROSTATE_GLAND_DEVELOPMENT		24	0.22628611	0.60892826	0.9672131	1.0	1.0	3873	tags=100%, list=77%, signal=442%	
GOBP_ENDOTHELIUM_DEVELOPMENT	GOBP_ENDOTHELIUM_DEVELOPMENT		73	0.16890532	0.6082954	0.9852941	0.99889356	1.0	158	tags=7%, list=3%, signal=7%	
GOBP_SULFUR_COMPOUND_CATABOLIC_PROCESS	GOBP_SULFUR_COMPOUND_CATABOLIC_PROCESS		17	0.23634905	0.60590476	0.93495935	0.995301	1.0	138	tags=12%, list=3%, signal=12%	
GOBP_CELLULAR_RESPONSE_TO_TOXIC_SUBSTANCE	GOBP_CELLULAR_RESPONSE_TO_TOXIC_SUBSTANCE		51	0.18345605	0.6015322	0.98876405	0.9926204	1.0	165	tags=8%, list=3%, signal=8%	
GOBP_ODONTOGENESIS_OF_DENTIN_CONTAINING_TOOTH	GOBP_ODONTOGENESIS_OF_DENTIN_CONTAINING_TOOTH		45	0.1968859	0.59955615	0.9782609	0.9888023	1.0	111	tags=7%, list=2%, signal=7%	
GOBP_AMINO_SUGAR_METABOLIC_PROCESS	GOBP_AMINO_SUGAR_METABOLIC_PROCESS		15	0.22921002	0.5778619	0.91525424	0.9938847	1.0	183	tags=27%, list=4%, signal=28%	
GOBP_REGULATION_OF_ANIMAL_ORGAN_FORMATION	GOBP_REGULATION_OF_ANIMAL_ORGAN_FORMATION		15	0.22096631	0.5538324	0.924812	0.99834836	1.0	71	tags=7%, list=1%, signal=7%	
GOBP_NEGATIVE_REGULATION_OF_SMOOTH_MUSCLE_CELL_PROLIFERATION	GOBP_NEGATIVE_REGULATION_OF_SMOOTH_MUSCLE_CELL_PROLIFERATION		37	0.17767131	0.54560053	0.98039216	0.9963594	1.0	32	tags=3%, list=1%, signal=3%	
GOBP_REGULATION_OF_SMOOTH_MUSCLE_CONTRACTION	GOBP_REGULATION_OF_SMOOTH_MUSCLE_CONTRACTION		21	0.1986343	0.5394082	0.936	0.9935092	1.0	4010	tags=100%, list=80%, signal=503%	
GOBP_MYOBLAST_PROLIFERATION	GOBP_MYOBLAST_PROLIFERATION		15	0.20341027	0.52071244	0.9612403	0.9938536	1.0	3985	tags=100%, list=80%, signal=491%	
GOBP_POSITIVE_REGULATION_OF_D_GLUCOSE_TRANSMEMBRANE_TRANSPORT	GOBP_POSITIVE_REGULATION_OF_D_GLUCOSE_TRANSMEMBRANE_TRANSPORT		15	0.2126799	0.51043445	0.9655172	0.99164385	1.0	193	tags=20%, list=4%, signal=21%	
GOBP_CEREBELLAR_CORTEX_DEVELOPMENT	GOBP_CEREBELLAR_CORTEX_DEVELOPMENT		17	0.19550392	0.5029297	0.98540145	0.98843217	1.0	65	tags=6%, list=1%, signal=6%	
