GEP,1,2,3,4,5,6,7,8,9,10,11,12,13,14,15,16,17,18,19
1,0.9812708774269897,0.4529177852740947,0.628865487283309,0.5826762240452324,0.6633051087625387,0.6285185290745917,0.7527248717424956,0.4955982940760389,0.5449008313658193,0.4610018501462338,0.5196837939684782,0.46917366106001024,0.4880998879377681,0.47018861289674146,0.46268470055943495,0.47875692178492973,0.46820912034422385,0.48415384347510215,0.4797482493865108
2,0.4651742162012621,0.9954054675199132,0.5948758649800954,0.5629059104716496,0.6798267550255249,0.6145346871656102,0.49455384372916444,0.49712108615531236,0.5237102189908655,0.4718319081526394,0.49911379793590316,0.4637964315491139,0.4473690055864707,0.4690168313522706,0.4911442048678421,0.47149108837500797,0.48317003123864644,0.47896647018692035,0.4724336556043449
3,0.4758557532770066,0.4562174688421659,0.9803167493156683,0.986078704276847,0.967080020041148,0.8054214106245432,0.7817753918847342,0.992861560975116,0.9860023460606129,0.997843776163074,0.9919126197162447,0.9968077159444888,0.9959506860650841,0.9917401798680958,0.9953736446209691,0.9923508035847729,0.9957380157457132,0.9927536564795556,0.9942955143242359
4,0.47950772228295346,0.46403195982860057,0.9823043915747873,0.9899047557767131,0.9658762498912798,0.8085943972710236,0.7898712322492454,0.9968162231616191,0.9897662083331477,0.9966158144934605,0.996867106211479,0.9995291719669287,0.9971051634249767,0.9970908716358998,0.9978776571218515,0.9972789754166761,0.9985392780959393,0.9976795966843007,0.9985527755787453
5,0.069987672751847,0.05838904983745072,0.23187471315992111,0.2388512025989874,0.17732874211496866,0.19940124504766155,0.15677951370816065,0.22756276870894937,0.25296524876187043,0.23155589148757932,0.2405436910935307,0.24229526091951603,0.24493559379366575,0.2437892035421596,0.24768289973271845,0.25672532288319416,0.24009287797055684,0.2513029458001837,0.2408815925361521
6,0.10647479117568617,0.09725643492842044,0.22961365469089434,0.25411028114100964,0.22411782974245295,0.3535897942789132,0.3238922075635254,0.24166062644787722,0.27722641182183927,0.24644043301773597,0.25363036705125935,0.24538777530294453,0.2704925643750884,0.2434673642992126,0.26650801882313724,0.27194300093648516,0.2548407606512992,0.2606287632271884,0.2474810070599354
7,0.5151405741725067,0.47182013013224805,0.9821552836173738,0.9875359034259088,0.9755348979441787,0.8387920266630764,0.8200739553741169,0.9925959334130514,0.992682677973565,0.9951435195236077,0.9930852656157219,0.9942578704347103,0.9979802433354141,0.9895562326378847,0.9936934090002838,0.9928930011308603,0.9937144021335136,0.9927850049253643,0.9933641806246304
8,0.4756882084520022,0.46672831828207956,0.9807212519982738,0.9888702826973531,0.962604636427882,0.782152556556573,0.7638793905948524,0.9986998024071219,0.9884324892156049,0.9891710457169373,0.9983729954362819,0.998695107231508,0.9928494150939849,0.9999609369661678,0.9965980013768908,0.9984683060240727,0.9982464596856693,0.9992447047198021,0.9996952965192232
9,0.48955472620109935,0.4702119010409034,0.9817164288495607,0.9880973783791712,0.9715328770958599,0.8036431464563062,0.7837733425875519,0.997548509394741,0.989699271625071,0.9953973529043261,0.996205426007307,0.9985031089507824,0.9970385285468246,0.9960892685100593,0.9966738385215107,0.9958611534744445,0.9978966132795598,0.9965973115834788,0.9979556711747136
10,0.5048277458446998,0.472833795207243,0.9831465157690089,0.9905766771068945,0.9695919663160355,0.8281866892903611,0.810943829002124,0.995512925971306,0.9952321976018045,0.991859337662729,0.9975587369681791,0.9966541589210378,0.9964346327621311,0.9955771953759541,0.997513719744608,0.9985268761751883,0.9977856225910159,0.9983666433460905,0.9971662414601865
11,0.47529529646334134,0.46767760332379005,0.9803952430009188,0.9886370002699495,0.9619258529192424,0.7798636869028923,0.7617039427729604,0.9985436324314136,0.9878563741816903,0.988275898431547,0.9982173610442765,0.9983536335209409,0.9921886706971914,0.9999900554239699,0.9964178308188224,0.9983767056571807,0.9980928339458007,0.9991218358082795,0.9994823104012313
12,0.19359095049978925,0.2166056891811177,0.5058223429537753,0.514759959899681,0.5142738073808316,0.417834902217353,0.3984076534114487,0.5097186306819379,0.5628056198988187,0.5370583026805508,0.5134077190492796,0.5079177991255109,0.5299399842117739,0.49994381928925735,0.5186101138810153,0.5245435730697197,0.5116786695281951,0.5196553856627454,0.5133650976249668
13,0.1281402334936555,0.14229312677995015,0.33906349728548757,0.3412671545643119,0.36076019251668,0.30526466373927635,0.2701290829077049,0.32341261787973136,0.4006262175246228,0.3631084355646184,0.33331822662659333,0.3285175484544159,0.3657493457544883,0.31099853437614994,0.3409044769308825,0.3439896702924089,0.33072006740187865,0.3365559112866662,0.32766286629765096
14,0.4732248732279118,0.46654175052158914,0.980748199516273,0.9890981981135638,0.9621873906891464,0.7802127905911762,0.7623929675810791,0.9984052373082645,0.9888290176200796,0.9886253626213583,0.9985060466617419,0.9983597123508101,0.992506501626976,0.9998225757465128,0.9970025108956007,0.9990149139997141,0.9983370932822424,0.9993589205282567,0.9994576591655507
15,0.48122096659237823,0.46523281269097205,0.9809267358708971,0.9891839802391702,0.9624669875985045,0.7849556807961569,0.7679947559492859,0.9983713224239683,0.9892876233214484,0.9881215529594317,0.998656077812299,0.9982163638974745,0.9927777680955828,0.9998234030875554,0.9966133008891809,0.9989755161005359,0.9981755559333803,0.9994582858546947,0.9994540467273705
16,0.47814556592548413,0.4701441996315718,0.9811260772884045,0.9889857502840881,0.9631859009322672,0.7790162072217449,0.7607522357401983,0.9987695430878996,0.9882064816686138,0.9883859029085104,0.998377107548948,0.9983686918311815,0.9921693100385883,0.9999294310001692,0.9962987466351908,0.9982542945628246,0.9980228792764092,0.9991266253566267,0.9995803588745072
17,0.3139334398740084,0.2810566061499674,0.7154509496753294,0.7501779169940872,0.6627882626529028,0.5827723801468241,0.6042779845909978,0.7710656690829586,0.7492486399573143,0.7373647456990371,0.7786693825132301,0.7741160175534483,0.7647984775622976,0.7929636804864674,0.7869078642497869,0.7987726142583588,0.787497851751418,0.7871067382525639,0.7752821816737261
18,0.07297628931199233,0.06191812046992718,0.25087752932752533,0.2705960289633111,0.215828769699582,0.22324676375390518,0.18411011960900886,0.2919555209772588,0.2870702899499282,0.2632395810448951,0.29734146239235026,0.2968290367004705,0.2823212198927408,0.30825509506211696,0.3160178228758122,0.32628826252736276,0.309338063704664,0.314212531097318,0.2991775152003807
