K,GEP,spectra_file,Name,pathway,ES,NES,NOM_p,FDR_q,FWER p-val,Tag %,Gene %,leading_edge
6,1,anal_pc5_c21_S1.filtered.gene_spectra_score.k_6.dt_0_01.txt,prerank,HALLMARK_ALLOGRAFT_REJECTION,0.7096039270578467,2.7219754841876784,0.0,0.0,0.0,72/121,16.90%,ITGAL;CD2;LTB;IL16;CD96;IL2RG;ZAP70;PTPRC;CD3E;FYB1;ETS1;CD3D;MAP4K1;LCK;HCLS1;ITK;CCL5;PTPN6;IL2RB;CD79A;LCP2;CD28;CD8A;CD247;PRKCB;CD7;STAT4;ITGB2;CCR5;CD3G;SIT1;IL12RB1;SRGN;GZMA;PRF1;CXCR3;WAS;TRAT1;CD40LG;IL27RA;ST8SIA4;CD40;IRF4;FASLG;CD4;IL2RA;GPR65;CCND3;TLR6;KLRD1;TNF;GBP2;IRF7;IRF8;IL18RAP;LY86;LY75;CD74;FGR;CCL4;GZMB;FAS;STAT1;HDAC9;CD80;FCGR2B;CRTAM;CCR2;NCR1;SOCS1;TLR1;CD1D
6,1,anal_pc5_c21_S1.filtered.gene_spectra_score.k_6.dt_0_01.txt,prerank,HALLMARK_EPITHELIAL_MESENCHYMAL_TRANSITION,-0.5581829512820027,-2.463299387524407,0.0,0.0,0.0,98/164,22.58%,GPC1;LRP1;DST;MMP14;IGFBP2;TGFBI;FBLN1;PFN2;IGFBP4;COL7A1;DPYSL3;ITGB5;SPARC;COL4A2;COL3A1;TPM1;COL1A2;SDC4;ELN;SAT1;RHOB;COL6A2;QSOX1;THBS1;FSTL1;FUCA1;DCN;COL5A1;JUN;MATN2;ITGA2;LAMA3;COL6A3;LAMC1;VEGFA;LUM;DAB2;MMP2;COL1A1;CALD1;COL4A1;GJA1;VCAN;CXCL12;SLC6A8;SERPINH1;THBS2;FN1;HTRA1;WNT5A;COL16A1;COL5A2;FBN1;PMP22;BMP1;PDLIM4;EDIL3;CDH11;PLOD2;FBLN2;MXRA5;TNC;ANPEP;SNAI2;TIMP3;PCOLCE;LOXL1;ECM1;PLAUR;FBLN5;THY1;PDGFRB;CRLF1;PTHLH;BGN;MYL9;GREM1;PVR;ABI3BP;LAMC2;CAPG;COL12A1;PRRX1;VCAM1;NNMT;IGFBP3;TAGLN;TPM2;LOX;CCN1;MYLK;NID2;SFRP1;LAMA2;TIMP1;ACTA2;MGP;FMOD
6,1,anal_pc5_c21_S1.filtered.gene_spectra_score.k_6.dt_0_01.txt,prerank,HALLMARK_G2M_CHECKPOINT,-0.626655001068181,-2.3837135328247663,0.0,0.0,0.0,59/68,32.16%,MCM2;SLC12A2;CDK1;TOP2A;TPX2;NUSAP1;MEIS1;ODC1;MKI67;LMNB1;E2F1;PTTG1;CDKN2C;EZH2;KIF23;SLC7A1;MCM6;PRC1;MT2A;CKS2;TROAP;PLK1;MYBL2;KPNA2;CDC20;RAD54L;CENPF;BIRC5;CCNB2;HMMR;NDC80;ORC6;CDC45;CCND1;MAP3K20;KIF11;SMC4;KIF2C;TTK;NEK2;MEIS2;INCENP;ESPL1;FANCC;MYC;CENPA;CENPE;AURKB;POLQ;BUB1;CCNF;EXO1;SNRPD1;UBE2C;POLE;AURKA;KIF15;TACC3;DMD
6,1,anal_pc5_c21_S1.filtered.gene_spectra_score.k_6.dt_0_01.txt,prerank,HALLMARK_E2F_TARGETS,-0.6415898493781935,-2.3039784214085293,0.0,0.0,0.0,46/54,30.48%,MCM2;MCM4;CDKN2A;CDK1;HELLS;TOP2A;TK1;HMGB2;MKI67;TCF19;LMNB1;PTTG1;CDKN2C;EZH2;CDKN1A;RRM2;CIT;MCM6;CENPM;CKS2;TFRC;PLK1;MYBL2;KPNA2;CDC20;BIRC5;CCNB2;HMMR;ORC6;MELK;SMC4;SPC25;KIF2C;SPAG5;DLGAP5;CDCA3;KIF18B;CDCA8;ESPL1;DEPDC1;MYC;CENPE;AURKB;POLE;AURKA;DIAPH3
6,1,anal_pc5_c21_S1.filtered.gene_spectra_score.k_6.dt_0_01.txt,prerank,HALLMARK_COAGULATION,-0.546060200962685,-2.128760410506369,0.0,0.0,0.0,45/79,26.70%,GSN;CTSB;LRP1;MMP14;C1R;C1S;SPARC;A2M;SERPINA1;LGMN;THBS1;PRSS23;ITGA2;ADAM9;C1QA;MMP2;CFB;FN1;ANXA1;HTRA1;FBN1;BMP1;PLAU;C2;CLU;CFD;SERPING1;CSRP1;TIMP3;C3;PLAT;CFH;F3;TIMP1;VWF;THBD;MMP9;MMP11;CRIP2;CFI;DUSP6;GDA;CTSK;ITGB3;TFPI2
6,1,anal_pc5_c21_S1.filtered.gene_spectra_score.k_6.dt_0_01.txt,prerank,HALLMARK_ESTROGEN_RESPONSE_LATE,-0.5053620241121246,-2.0744562637817965,0.0,0.0,0.0,48/106,20.18%,CDH1;CXCL14;KRT19;AGR2;CA12;RAPGEFL1;CKB;SCNN1A;NBL1;IGFBP4;PLXNB1;MDK;KLF4;TFF3;CA2;SERPINA1;UGDH;FOS;FLNB;PRSS23;HR;CPE;FARP1;CXCL12;BLVRB;SLC26A2;FGFR3;TOP2A;LLGL2;TJP3;MYB;OVOL2;TOB1;TSPAN13;KLK11;CYP4F11;FABP5;HSPA4L;SGK1;KLK10;ASS1;CDC20;LAMC2;SLC16A1;NMU;CAV1;CCND1;KIF20A
6,1,anal_pc5_c21_S1.filtered.gene_spectra_score.k_6.dt_0_01.txt,prerank,HALLMARK_INTERFERON_GAMMA_RESPONSE,0.5452490740013327,2.0326904960696934,0.0,0.0007231965286566623,0.004,50/111,17.26%,NLRC5;CCL5;PTPN6;IL2RB;RNF213;IL10RA;ITGB7;LCP2;CASP8;KLRK1;SP110;STAT4;BANK1;ZBP1;ISG20;RAPGEF6;CD69;GZMA;CIITA;IRF1;EIF4E3;SLAMF7;ST8SIA4;SAMD9L;CD40;IRF4;SAMHD1;GPR18;OAS2;ST3GAL5;CD38;PSMB9;TNFAIP3;TRIM14;PDE4B;IRF7;IRF8;PARP14;CD74;MX2;FAS;GBP4;STAT1;IL18BP;EPSTI1;SOCS1;PFKP;IFITM2;CSF2RB;HELZ2
6,1,anal_pc5_c21_S1.filtered.gene_spectra_score.k_6.dt_0_01.txt,prerank,HALLMARK_MYOGENESIS,-0.4600249682659906,-1.9517586832107312,0.0,0.000693382277964719,0.002,47/112,22.22%,ITGB4;GSN;CKB;NQO1;ITGB5;SPARC;COL4A2;EFS;COL3A1;ERBB3;COL6A2;SPHK1;MYH11;COL6A3;CNN3;COL1A1;SLC6A8;CDH13;SVIL;IGFBP7;EPHB3;SCD;SOD3;GAA;CLU;CFD;NAV2;AEBP1;CDKN1A;SMTN;VIPR1;MAPRE3;CD36;SORBS3;COL15A1;CRYAB;DTNA;FST;IGFBP3;WWTR1;TAGLN;TPM2;MYLK;GPX3;LAMA2;TNNT3;BDKRB2
6,1,anal_pc5_c21_S1.filtered.gene_spectra_score.k_6.dt_0_01.txt,prerank,HALLMARK_ESTROGEN_RESPONSE_EARLY,-0.4611119554218497,-1.9176991458583021,0.0,0.0014858191670672552,0.005,44/118,15.90%,KRT8;CLDN7;ELF3;KRT19;CA12;RAPGEFL1;SCNN1A;NBL1;IGFBP4;MUC1;KRT15;KLF4;TFF3;HES1;ESRP2;MLPH;FOS;FLNB;PRSS23;HR;AKAP1;GJA1;FARP1;CXCL12;BLVRB;SLC26A2;SVIL;LAD1;TJP3;DHRS3;CELSR1;MYB;OVOL2;TOB1;TTC39A;FHL2;NAV2;KLK10;TUBB2B;KAZN;LRIG1;RHOBTB3;FASN;THSD4
6,1,anal_pc5_c21_S1.filtered.gene_spectra_score.k_6.dt_0_01.txt,prerank,HALLMARK_XENOBIOTIC_METABOLISM,-0.48309887077865066,-1.8883491903963776,0.0,0.0020801468338941575,0.008,21/80,7.74%,EPHX1;ABCC3;AKR1C3;TMEM176B;FBLN1;AKR1C2;ALDH3A1;IGFBP4;GCLC;NQO1;MAOA;CES1;CA2;UGDH;PTGR1;EPHA2;BCAR1;NDRG2;APOE;BLVRB;CFB
6,1,anal_pc5_c21_S1.filtered.gene_spectra_score.k_6.dt_0_01.txt,prerank,HALLMARK_UV_RESPONSE_DN,-0.48915581494609633,-1.854781651366536,0.0,0.0027735291118588766,0.012,47/69,27.16%,ID1;ERBB2;COL3A1;COL1A2;PLCB4;NFIB;MGLL;LAMC1;DAB2;COL1A1;PLPP3;NRP1;GJA1;IGFBP5;TJP1;TFPI;LDLR;PPARG;EFEMP1;COL5A2;PIK3R3;PMP22;ICA1;FHL2;MAP1B;LPAR1;ADGRL2;SDC2;SNAI2;SLC7A1;RBPMS;FBLN5;PDGFRB;KCNMA1;CAV1;F3;RND3;CCN1;DUSP1;VLDLR;MET;PDLIM5;LTBP1;HAS2;KALRN;ITGB3;MYC
6,1,anal_pc5_c21_S1.filtered.gene_spectra_score.k_6.dt_0_01.txt,prerank,HALLMARK_ANGIOGENESIS,-0.5803142919064758,-1.8415035884103494,0.007194244604316547,0.0033282349342306514,0.016,14/29,22.50%,JAG1;FGFR1;COL3A1;TNFRSF21;FSTL1;VEGFA;LUM;NRP1;VCAN;COL5A2;JAG2;PDGFA;TIMP1;THBD
6,1,anal_pc5_c21_S1.filtered.gene_spectra_score.k_6.dt_0_01.txt,prerank,HALLMARK_TGF_BETA_SIGNALING,-0.5952729512293938,-1.8143756264909152,0.002369668246445498,0.0037820851525348313,0.02,13/24,21.66%,CDH1;ID1;THBS1;TGIF1;TJP1;ID3;BMP2;SMAD1;LTBP2;ENG;CDKN1C;WWTR1;SMAD6
6,1,anal_pc5_c21_S1.filtered.gene_spectra_score.k_6.dt_0_01.txt,prerank,HALLMARK_HEDGEHOG_SIGNALING,-0.6554482390596824,-1.7869215232672742,0.004338394793926247,0.005200367084735392,0.029,12/17,26.74%,ADGRG1;VEGFA;NRP1;CELSR1;DPYSL2;NRCAM;THY1;HEY1;NRP2;VLDLR;CRMP1;UNC5C
6,1,anal_pc5_c21_S1.filtered.gene_spectra_score.k_6.dt_0_01.txt,prerank,HALLMARK_FATTY_ACID_METABOLISM,-0.5081680066671302,-1.7831526393241344,0.0025575447570332483,0.004800338847448056,0.029,21/44,24.16%,EPHX1;ALDH3A1;GLUL;ALDH1A1;MAOA;CA2;UGDH;MGLL;ODC1;CBR3;CA4;ME1;HSD17B11;CD36;CEL;FASN;ACOX1;HPGD;PTPRG;ACAA2;HMGCS1
6,1,anal_pc5_c21_S1.filtered.gene_spectra_score.k_6.dt_0_01.txt,prerank,HALLMARK_P53_PATHWAY,-0.42582512691892666,-1.7341629390003228,0.0,0.007131932001922825,0.046,35/89,19.38%,GPX2;ITGB4;EPHX1;NUPR1;TP63;EPS8L2;CLCA2;KRT17;KLF4;SERPINB5;ABCC5;SAT1;EPHA2;SPHK1;FOS;FUCA1;CDKN2A;JUN;TM4SF1;SLC7A11;CDH13;CTSD;CDKN2B;TSC22D1;BMP2;TOB1;NDRG1;HSPA4L;CDKN1A;JAG2;HMOX1;CEBPA;IER3;NINJ1;PDGFA
6,1,anal_pc5_c21_S1.filtered.gene_spectra_score.k_6.dt_0_01.txt,prerank,HALLMARK_CHOLESTEROL_HOMEOSTASIS,-0.5210473664690815,-1.7213146752749104,0.01141552511415525,0.007349852146426023,0.05,18/35,25.14%,LGALS3;JAG1;ALCAM;MAL2;LGMN;LDLR;PPARG;SCD;FABP5;CLU;CXCL16;FASN;PLAUR;HMGCR;TNFRSF12A;HMGCS1;ERRFI1;FADS2
6,1,anal_pc5_c21_S1.filtered.gene_spectra_score.k_6.dt_0_01.txt,prerank,HALLMARK_APICAL_JUNCTION,-0.40593926330011887,-1.6709243896641286,0.0,0.011700825940654636,0.084,42/101,18.66%,CLDN7;ITGB4;CDH1;CLDN4;TGFBI;COL17A1;MDK;LAMB3;ADAM23;MPZL2;PCDH1;CDH3;ADAM15;ITGA2;LAMA3;ADAM9;ITGA3;MMP2;WNK4;VCAN;TJP1;CD276;COL16A1;SDC3;PIK3R3;FBN1;BMP1;CD209;CDH11;EPB41L2;NLGN2;LAYN;SORBS3;THY1;NECTIN4;ITGA9;TSPAN4;MYL9;GRB7;LAMC2;WASL;PPP2R2C
6,1,anal_pc5_c21_S1.filtered.gene_spectra_score.k_6.dt_0_01.txt,prerank,HALLMARK_PI3K_AKT_MTOR_SIGNALING,0.5520643708639666,1.6673711785966816,0.006756756756756757,0.013138070270596037,0.106,11/32,12.14%,IL2RG;CXCR4;LCK;SLA;PRKCB;PLCG1;CAMK4;FASLG;PDK1;DAPP1;ITPR2
6,1,anal_pc5_c21_S1.filtered.gene_spectra_score.k_6.dt_0_01.txt,prerank,HALLMARK_INTERFERON_ALPHA_RESPONSE,0.49835129202368095,1.639880874801632,0.003367003367003367,0.012565539685409511,0.132,20/50,18.28%,SELL;CASP8;SP110;ISG20;IRF1;SAMD9L;LPAR6;PSMB9;TRIM14;GBP2;IRF7;PARP14;CD74;SAMD9;GBP4;TMEM140;EPSTI1;IFITM2;HELZ2;OASL
6,1,anal_pc5_c21_S1.filtered.gene_spectra_score.k_6.dt_0_01.txt,prerank,HALLMARK_GLYCOLYSIS,-0.42699894730196314,-1.634411399429136,0.005847953216374269,0.014561027837259101,0.11,35/67,27.82%,ELF3;GPC1;TGFBI;GCLC;TFF3;B3GNT3;DSC2;QSOX1;DCN;GPC3;COL5A1;CDK1;VEGFA;VCAN;P4HA2;SDC3;HK2;PLOD2;SDC2;ME1;TPST1;IER3;HMMR;GPC4;KIF20A;IGFBP3;VLDLR;MET;EGLN3;MERTK;NT5E;DEPDC1;CENPA;MXI1;CYB5A
6,1,anal_pc5_c21_S1.filtered.gene_spectra_score.k_6.dt_0_01.txt,prerank,HALLMARK_ADIPOGENESIS,-0.43294148726737175,-1.5794496574647796,0.0049382716049382715,0.022419360320859248,0.174,31/51,31.74%,MGLL;COL4A1;APOE;PHLDB1;LAMA4;PPARG;CAVIN1;TOB1;ABCA1;ITIH5;SPARCL1;CDKN2C;ME1;CD36;COL15A1;C3;ACOX1;BCL6;ITSN1;MYLK;GPX3;ENPP2;ACAA2;CYP4B1;FZD4;LIFR;SNCG;CAVIN2;SORBS1;FABP4;CAT
6,1,anal_pc5_c21_S1.filtered.gene_spectra_score.k_6.dt_0_01.txt,prerank,HALLMARK_PEROXISOME,-0.4496339234662546,-1.4665285759352211,0.035545023696682464,0.0494855983642189,0.36,12/32,20.56%,HSD11B2;ALDH1A1;ABCC5;TOP2A;DHRS3;SOD2;CRABP2;SEMA3C;HSD17B11;CEL;ACOX1;NR1I2
6,1,anal_pc5_c21_S1.filtered.gene_spectra_score.k_6.dt_0_01.txt,prerank,HALLMARK_MITOTIC_SPINDLE,-0.3666903259088845,-1.4662380389155973,0.01634877384196185,0.04701131844600795,0.36,51/77,30.88%,GSN;DST;PALLD;FLNB;BCAR1;CDK1;FARP1;ECT2;TOP2A;MID1;TPX2;NET1;NUSAP1;ANLN;DOCK4;LMNB1;EPB41L2;FGD4;CDC42EP4;KIF23;PRC1;RAPGEF5;CDC42EP2;CEP250;PLK1;CENPF;CEP72;BIRC5;CCNB2;WASL;NDC80;ITSN1;KIF11;PXN;SMC4;KIF2C;PDLIM5;DLGAP5;TTK;NEK2;FSCN1;STK38L;INCENP;ESPL1;CENPE;TRIO;BUB1;ARHGAP29;AURKA;SORBS2;KIF15
6,1,anal_pc5_c21_S1.filtered.gene_spectra_score.k_6.dt_0_01.txt,prerank,HALLMARK_UV_RESPONSE_UP,-0.38388867741153854,-1.4572110771222773,0.011976047904191617,0.04695188567932526,0.372,16/66,12.40%,EPCAM;EPHX1;MMP14;IGFBP2;MAOA;CREG1;CA2;RHOB;FOS;SLC6A8;CDKN2B;PTPRD;SOD2;BMP2;HSPA2;HYAL2
6,1,anal_pc5_c21_S1.filtered.gene_spectra_score.k_6.dt_0_01.txt,prerank,HALLMARK_IL2_STAT5_SIGNALING,0.38148957287393753,1.4564981373252648,0.012084592145015106,0.056192370276622675,0.515,40/127,16.52%,LTB;TRAF1;IL2RB;CCR4;IL10RA;SELL;RHOH;RORA;CD48;CST7;TNFRSF1B;ICOS;ADAM19;CD79B;BCL2;BATF;PHTF2;CDC42SE2;PRKCH;FLT3LG;CTLA4;IRF4;CISH;EOMES;IL2RA;GPR65;CCND3;TNFRSF4;SLC2A3;IRF8;AGER;CD83;MAP3K8;IL18R1;GBP4;TNFRSF9;SWAP70;SOCS1;SYT11;TNFRSF18
6,1,anal_pc5_c21_S1.filtered.gene_spectra_score.k_6.dt_0_01.txt,prerank,HALLMARK_HYPOXIA,-0.34490465263170594,-1.4384512258522346,0.026058631921824105,0.05162546233210045,0.417,41/111,21.94%,GPC1;PKP1;CA12;TGFBI;SELENBP1;NEDD4L;ACKR3;SDC4;FOS;DCN;GPC3;COL5A1;JUN;EFNA1;VEGFA;P4HA2;CAVIN1;SDC3;GAA;NDRG1;PPARGC1A;HK2;SDC2;CDKN1A;MT2A;PLAUR;HMOX1;BGN;ADM;IER3;CAV1;F3;CDKN1C;GPC4;DTNA;IGFBP3;LOX;CCN1;CP;DUSP1;VLDLR
6,1,anal_pc5_c21_S1.filtered.gene_spectra_score.k_6.dt_0_01.txt,prerank,HALLMARK_IL6_JAK_STAT3_SIGNALING,0.4115019505172933,1.385133686781279,0.05660377358490566,0.08256493702163563,0.708,18/53,17.00%,LTB;IL2RG;ITGA4;IL12RB1;TNFRSF1B;IRF1;PIK3R5;IL2RA;CD38;TNF;IL9R;MAP3K8;IL18R1;FAS;STAT1;IL17RA;SOCS1;CSF2RB
6,1,anal_pc5_c21_S1.filtered.gene_spectra_score.k_6.dt_0_01.txt,prerank,HALLMARK_INFLAMMATORY_RESPONSE,0.35720073989900514,1.3673453598876757,0.021592442645074223,0.08172120773820286,0.754,31/141,14.44%,IL7R;LCK;RASGRP1;CCL5;IL2RB;SLAMF1;IL10RA;LCP2;SELL;CD48;KCNA3;TNFRSF1B;CD69;GPR183;CXCR6;GPR132;CCR7;IRF1;PIK3R5;SEMA4D;CD40;EMP3;BTG2;PDE4B;IRF7;IL18RAP;LTA;IL18R1;RGS1;NOD2;CD70
6,1,anal_pc5_c21_S1.filtered.gene_spectra_score.k_6.dt_0_01.txt,prerank,HALLMARK_HEME_METABOLISM,-0.36353757616634735,-1.3489083792330598,0.059278350515463915,0.08836101985715615,0.615,17/55,19.14%,CTSB;BCAM;SELENBP1;GCLC;CA2;KLF3;SLC7A11;SLC6A8;BLVRB;P4HA2;MBOAT2;PDZK1IP1;SNCA;TFRC;C3;TNS1;DMTN
6,1,anal_pc5_c21_S1.filtered.gene_spectra_score.k_6.dt_0_01.txt,prerank,HALLMARK_APOPTOSIS,-0.3270186523582853,-1.28063833223404,0.06340057636887608,0.1328693790149893,0.77,35/79,22.08%,GSN;LGALS3;ERBB2;ERBB3;SAT1;RHOB;TNFSF10;CD14;EMP1;DCN;JUN;IFITM3;LUM;MMP2;TIMP2;TOP2A;ANXA1;SOD2;HMGB2;BMP2;CLU;CDKN1A;TIMP3;PDGFRB;HMOX1;BGN;PLAT;IER3;CAV1;CCND1;PPT1;GPX3;PMAIP1;TIMP1;IL18
6,1,anal_pc5_c21_S1.filtered.gene_spectra_score.k_6.dt_0_01.txt,prerank,HALLMARK_KRAS_SIGNALING_UP,0.3282869043012041,1.267120940749259,0.07749627421758569,0.14382570963659375,0.947,23/131,11.06%,IKZF1;IL2RG;DOCK2;ETS1;LAPTM5;CD37;TRAF1;MAP4K1;IL7R;CXCR4;LCP1;IL10RA;ADAM8;ITGB2;TNFRSF1B;TRIB2;BIRC3;ST6GAL1;PRDM1;KCNN4;LAT2;TNFAIP3;IRF8
6,1,anal_pc5_c21_S1.filtered.gene_spectra_score.k_6.dt_0_01.txt,prerank,HALLMARK_REACTIVE_OXYGEN_SPECIES_PATHWAY,-0.4423097099445437,-1.2378248431329109,0.1781115879828326,0.1683254817987152,0.856,5/19,3.70%,GCLC;NQO1;MGST1;FTL;TXNRD1
6,1,anal_pc5_c21_S1.filtered.gene_spectra_score.k_6.dt_0_01.txt,prerank,HALLMARK_ANDROGEN_RESPONSE,-0.35353171315904314,-1.2351112318730182,0.14893617021276595,0.16401157728780857,0.859,18/41,24.16%,KRT8;KRT19;SELENOP;SAT1;SLC26A2;TSC22D1;PLPP1;SCD;NDRG1;SGK1;DBI;ADAMTS1;HMGCR;CCND1;HPGD;MERTK;PDLIM5;HMGCS1
6,1,anal_pc5_c21_S1.filtered.gene_spectra_score.k_6.dt_0_01.txt,prerank,HALLMARK_BILE_ACID_METABOLISM,-0.32496074015936594,-1.1172245360936808,0.28502415458937197,0.30739947656435884,0.978,14/37,25.14%,ALDH1A1;RBP1;TFCP2L1;SULT1B1;ABCA1;ABCA8;HSD17B11;NR3C2;CYP27A1;NR1I2;CYP7B1;ABCA6;SLC29A1;FADS2
6,1,anal_pc5_c21_S1.filtered.gene_spectra_score.k_6.dt_0_01.txt,prerank,HALLMARK_MTORC1_SIGNALING,-0.2828968092492462,-1.0878819087046137,0.2621082621082621,0.3472359393436176,0.986,30/72,25.60%,NUPR1;GCLC;TXNRD1;MCM2;MCM4;LGMN;PHGDH;SLC7A11;SERPINH1;IGFBP5;LDLR;PIK3R3;SCD;HK2;PLOD2;CDKN1A;RRM2;ME1;FGL2;TFRC;SYTL2;PLK1;HMGCR;IFI30;VLDLR;EGLN3;HMGCS1;NAMPT;FADS2;SLC2A1
6,1,anal_pc5_c21_S1.filtered.gene_spectra_score.k_6.dt_0_01.txt,prerank,HALLMARK_SPERMATOGENESIS,-0.3096924274563473,-1.0483192886683452,0.3752913752913753,0.4108648642946805,0.994,14/36,30.00%,GSTM3;SLC12A2;CDK1;HSPA2;HSPA4L;EZH2;ACE;CCNB2;KIF2C;TTK;NEK2;SHE;BUB1;AURKA
6,1,anal_pc5_c21_S1.filtered.gene_spectra_score.k_6.dt_0_01.txt,prerank,HALLMARK_KRAS_SIGNALING_DN,-0.26768331931040373,-1.0368496490252057,0.3565217391304348,0.419634954624248,0.995,13/78,15.02%,PKP1;IGFBP2;HSD11B2;SELENOP;KRT15;TFCP2L1;AKR1B10;CALML5;FGFR3;SPTBN2;SGK1;GPRC5C;LYPD3
6,1,anal_pc5_c21_S1.filtered.gene_spectra_score.k_6.dt_0_01.txt,prerank,HALLMARK_COMPLEMENT,0.26874076938025815,1.0203069644431613,0.41863905325443784,0.4630064886799654,1.0,27/122,13.66%,SPOCK2;LCK;RASGRP1;CCL5;FYN;LCP2;DOCK10;GZMA;APOBEC3G;WAS;CD40LG;IRF1;CR1;GZMK;PIK3R5;GNG2;EHD1;GATA3;PSMB9;TNFAIP3;IRF7;CBLB;PLEK;CR2;F5;GZMB;ZEB1
6,1,anal_pc5_c21_S1.filtered.gene_spectra_score.k_6.dt_0_01.txt,prerank,HALLMARK_UNFOLDED_PROTEIN_RESPONSE,0.3477531978960471,0.9865953271539477,0.47038327526132406,0.4772012294340987,1.0,9/23,23.70%,NABP1;ERN1;HERPUD1;DNAJB9;TSPYL2;XBP1;SLC7A5;ERO1A;DDIT4
6,1,anal_pc5_c21_S1.filtered.gene_spectra_score.k_6.dt_0_01.txt,prerank,HALLMARK_TNFA_SIGNALING_VIA_NFKB,-0.21093214708686672,-0.9281556142744429,0.6741214057507987,0.6606143735383219,1.0,47/150,25.48%,JAG1;LAMB3;KLF4;HES1;TNFAIP2;ACKR3;SDC4;SAT1;RHOB;SPHK1;FOS;JUN;EFNA1;VEGFA;TGIF1;PLPP3;LDLR;EGR1;TSC22D1;SOD2;BMP2;ABCA1;PLAU;SGK1;CDKN1A;TNC;CEBPB;PLAUR;BCL6;PHLDA2;IER3;NINJ1;F3;CCL2;CCND1;PER1;CCN1;DUSP1;IL18;TLR2;PDLIM5;DRAM1;MXD1;NAMPT;CXCL1;PHLDA1;TUBB2A
6,1,anal_pc5_c21_S1.filtered.gene_spectra_score.k_6.dt_0_01.txt,prerank,HALLMARK_APICAL_SURFACE,-0.2868553509693829,-0.8949378284956389,0.6380090497737556,0.7186257265218722,1.0,9/27,16.44%,ATP8B1;SULF2;GSTM3;CROCC;EPHB4;DCBLD2;LYPD3;PLAUR;THY1
6,1,anal_pc5_c21_S1.filtered.gene_spectra_score.k_6.dt_0_01.txt,prerank,HALLMARK_DNA_REPAIR,-0.2830440547186144,-0.8362325046140732,0.7004310344827587,0.8232969029542905,1.0,3/22,8.12%,BCAM;TYMS;ZWINT
6,1,anal_pc5_c21_S1.filtered.gene_spectra_score.k_6.dt_0_01.txt,prerank,HALLMARK_WNT_BETA_CATENIN_SIGNALING,-0.27196641827477985,-0.7173374815391619,0.8834355828220859,0.948975221780361,1.0,4/15,16.96%,JAG1;JAG2;DLL1;HEY1
6,2,anal_pc5_c21_S1.filtered.gene_spectra_score.k_6.dt_0_01.txt,prerank,HALLMARK_ALLOGRAFT_REJECTION,-0.6218058945225545,-2.7160971405279186,0.0,0.0,0.0,79/121,23.24%,IL2RG;CTSS;ITGAL;CD74;IL16;LTB;CD2;CCND2;HCLS1;CD96;ETS1;SRGN;FYB1;PTPRC;ZAP70;CD79A;MAP4K1;CD3E;ITGB2;PTPN6;CD3D;LCP2;CD4;IRF8;ITK;LCK;PRKCB;IL2RB;CD40;CCL5;CD28;NCF4;CD8A;IRF4;CD247;STAT4;WAS;CD7;STAB1;IL12RB1;CCR5;CD3G;SPI1;FGR;CSF1;SIT1;C2;LY75;THY1;TLR6;IL27RA;PRF1;CXCR3;CCL11;TRAT1;CD40LG;LY86;CD1D;HDAC9;FCGR2B;IL18;GZMA;GPR65;ICAM1;JAK2;TIMP1;IRF7;IL2RA;IL7;FASLG;KLRD1;CCND3;FAS;CCL2;CCR2;TNF;CD80;ACHE;IL18RAP
6,2,anal_pc5_c21_S1.filtered.gene_spectra_score.k_6.dt_0_01.txt,prerank,HALLMARK_G2M_CHECKPOINT,0.8584362588865984,2.510869911747614,0.0,0.0,0.0,60/68,12.52%,MCM2;CDK1;NUSAP1;EZH2;TOP2A;LMNB1;TPX2;ODC1;PTTG1;MKI67;SMC4;E2F1;CDKN2C;PRC1;TROAP;KIF23;MCM6;MYBL2;NDC80;CCNB2;BIRC5;KIF11;RAD54L;CENPF;TACC3;PLK1;CKS2;CDC45;KPNA2;HMMR;CDC20;AURKB;SLC7A1;KIF2C;POLE;INCENP;ORC6;CENPE;BUB1;MT2A;POLQ;FBXO5;ESPL1;KIF22;CCNF;UBE2C;TTK;KIF15;NEK2;KIF20B;EXO1;CENPA;FANCC;MAP3K20;SNRPD1;AURKA;CDC25B;MYC;SMAD3;KIF4A
6,2,anal_pc5_c21_S1.filtered.gene_spectra_score.k_6.dt_0_01.txt,prerank,HALLMARK_E2F_TARGETS,0.879037039720575,2.499600839248837,0.0,0.0,0.0,53/54,13.00%,MCM2;HELLS;CDK1;MCM4;EZH2;TOP2A;LMNB1;CDKN2A;HMGB2;PTTG1;CENPM;TCF19;MKI67;SMC4;CDKN2C;CIT;TK1;MCM6;MYBL2;RRM2;CCNB2;BIRC5;TACC3;PLK1;LIG1;TFRC;CKS2;NCAPD2;KIF18B;DLGAP5;KPNA2;HMMR;CDC20;AURKB;MELK;KIF2C;SPAG5;CDCA3;SPC25;POLE;ORC6;CENPE;ANP32E;ESPL1;KIF22;DEPDC1;DIAPH3;CDCA8;AURKA;CDC25B;MYC;KIF4A;CDKN1A
6,2,anal_pc5_c21_S1.filtered.gene_spectra_score.k_6.dt_0_01.txt,prerank,HALLMARK_MITOTIC_SPINDLE,0.7162269291829154,2.1315472206845527,0.0,0.0,0.0,44/77,13.36%,DST;CDK1;NUSAP1;TOP2A;LMNB1;TPX2;ECT2;ANLN;SMC4;CEP72;PRC1;KIF23;PALLD;NDC80;CCNB2;BIRC5;KIF11;CEP250;CENPF;PLK1;DLGAP5;KIF2C;FARP1;INCENP;CENPE;BUB1;KNTC1;FBXO5;CDC42EP4;ESPL1;KIF22;TTK;KIF15;NEK2;GSN;KIF20B;MID1;BCL2L11;AURKA;PIF1;NET1;FSCN1;KIF4A;STK38L
6,2,anal_pc5_c21_S1.filtered.gene_spectra_score.k_6.dt_0_01.txt,prerank,HALLMARK_IL6_JAK_STAT3_SIGNALING,-0.5176141040545701,-1.9131403322989193,0.0,0.003636069812540401,0.00501002004008016,31/53,28.42%,IL2RG;LTB;ITGA4;A2M;PLA2G2A;TNFRSF1B;IRF1;PIK3R5;IL12RB1;CSF2RB;CSF1;IL1R2;CD14;MAP3K8;CD38;IL2RA;CSF2RA;IL7;FAS;CXCL1;IL18R1;TNF;IL9R;HMOX1;IL3RA;CD36;ITGB3;CCR1;IL17RA;IL1R1;CSF3R
6,2,anal_pc5_c21_S1.filtered.gene_spectra_score.k_6.dt_0_01.txt,prerank,HALLMARK_INTERFERON_GAMMA_RESPONSE,-0.4035404548019287,-1.7270989766082232,0.0,0.014059469941822883,0.02905811623246493,51/111,22.02%,CD74;NLRC5;ITGB7;IL10RA;CIITA;PTPN6;LCP2;IRF8;SLAMF7;CASP8;ZBP1;IL2RB;CD40;CCL5;BANK1;KLRK1;SP110;IRF1;SAMHD1;IRF4;C1S;STAT4;CFH;ST3GAL5;SAMD9L;FGL2;ISG20;RNF213;VCAM1;CSF2RB;EIF4E3;CD69;CFB;TNFAIP3;SERPING1;PDE4B;CD38;GZMA;GBP4;ICAM1;JAK2;IRF7;C1R;RAPGEF6;IL7;TRIM14;UPP1;GPR18;FAS;CCL2;IFITM2
6,2,anal_pc5_c21_S1.filtered.gene_spectra_score.k_6.dt_0_01.txt,prerank,HALLMARK_SPERMATOGENESIS,0.6399702238819166,1.7246290431474938,0.0012515644555694619,0.006710832539934412,0.028,13/36,14.66%,GSTM3;CDK1;EZH2;HSPA4L;CCNB2;KIF2C;BUB1;HSPA2;TTK;NEK2;AURKA;TCP11;DMC1
6,2,anal_pc5_c21_S1.filtered.gene_spectra_score.k_6.dt_0_01.txt,prerank,HALLMARK_KRAS_SIGNALING_UP,-0.38885042845473644,-1.667200219436408,0.0,0.016725921137685843,0.04408817635270541,38/131,12.90%,IL2RG;CTSS;IKZF1;LAPTM5;DOCK2;TMEM176B;CCND2;CA2;CD37;ETS1;SPON1;LCP1;IL10RA;MAP4K1;TRAF1;ITGB2;TNFRSF1B;IL7R;CXCR4;TMEM176A;IRF8;ADAMDEC1;TSPAN1;FUCA1;KCNN4;ADAM8;PRDM1;ST6GAL1;PECAM1;ENG;BIRC3;CFH;EPHB2;ACE;LAT2;CFB;ABCB1;TNFAIP3
6,2,anal_pc5_c21_S1.filtered.gene_spectra_score.k_6.dt_0_01.txt,prerank,HALLMARK_COMPLEMENT,-0.37268099442174535,-1.6463935826297231,0.0,0.0154169360051713,0.05110220440881764,60/122,24.56%,CTSS;CA2;SPOCK2;DOCK10;LCP2;LCK;SERPINA1;CTSC;FYN;CCL5;FN1;LGALS3;KLK1;IRF1;RASGRP1;C1S;CFH;WAS;PIK3R5;EHD1;CR1;SH2B3;C3;CASP10;CPM;CFB;C2;TNFAIP3;SERPING1;CP;CD40LG;APOBEC3G;PRSS3;CD55;GNG2;PLEK;DUSP5;GZMK;GZMA;TFPI2;STX4;JAK2;TIMP1;IRF7;C1R;ZEB1;C1QC;LGMN;GATA3;CTSH;CTSL;DPP4;CPQ;C1QA;CXCL1;ITGAM;DUSP6;CR2;TIMP2;CD36
6,2,anal_pc5_c21_S1.filtered.gene_spectra_score.k_6.dt_0_01.txt,prerank,HALLMARK_MTORC1_SIGNALING,0.5509314736324976,1.613131247004601,0.0022346368715083797,0.02813921506400085,0.141,33/72,18.88%,GCLC;MCM2;TXNRD1;MCM4;PHGDH;SLC7A11;RRM2;SLC2A1;PIK3R3;PLK1;TFRC;SLC6A6;BUB1;CCNF;FADS2;SCD;LDLR;NAMPT;AURKA;NUPR1;PSAT1;VLDLR;SLC1A4;ME1;CDKN1A;NFIL3;PLOD2;HMGCS1;DDIT4;HMGCR;INSIG1;SERPINH1;TM7SF2
6,2,anal_pc5_c21_S1.filtered.gene_spectra_score.k_6.dt_0_01.txt,prerank,HALLMARK_CHOLESTEROL_HOMEOSTASIS,0.5980742742377947,1.605498390378557,0.0036991368680641184,0.025454882048027084,0.153,19/35,19.44%,ALCAM;FASN;FADS2;SCD;LDLR;JAG1;ACAT2;FABP5;MVK;MAL2;FDPS;CLU;NFIL3;HMGCS1;HMGCR;PLAUR;ATF3;TM7SF2;ERRFI1
6,2,anal_pc5_c21_S1.filtered.gene_spectra_score.k_6.dt_0_01.txt,prerank,HALLMARK_HEDGEHOG_SIGNALING,0.6807307751336008,1.5944269816305372,0.013966480446927373,0.02512429916428647,0.172,7/17,11.70%,ADGRG1;CELSR1;NRCAM;HEY1;CRMP1;DPYSL2;VLDLR
6,2,anal_pc5_c21_S1.filtered.gene_spectra_score.k_6.dt_0_01.txt,prerank,HALLMARK_P53_PATHWAY,0.5270735067059202,1.575707603777973,0.0010940919037199124,0.026959034169046867,0.203,31/89,19.00%,TP63;KRT17;CLCA2;ABCC5;EPHX1;CDKN2A;SLC7A11;GPX2;SPHK1;ITGB4;SERPINB5;CDH13;HSPA4L;JAG2;TM4SF1;EPHA2;NDRG1;NUPR1;MDM2;CDKN1A;INHBB;CEBPA;JUN;TSC22D1;DDIT4;NINJ1;ATF3;GM2A;HEXIM1;POLH;GADD45A
6,2,anal_pc5_c21_S1.filtered.gene_spectra_score.k_6.dt_0_01.txt,prerank,HALLMARK_REACTIVE_OXYGEN_SPECIES_PATHWAY,0.6449683277625198,1.5445658034441037,0.02109704641350211,0.03393984273070278,0.273,4/19,3.12%,GCLC;TXNRD1;NQO1;FTL
6,2,anal_pc5_c21_S1.filtered.gene_spectra_score.k_6.dt_0_01.txt,prerank,HALLMARK_FATTY_ACID_METABOLISM,0.5502440263412842,1.529316164201096,0.014598540145985401,0.036284777319369514,0.313,15/44,16.08%,ALDH3A1;EPHX1;ALDH1A1;ODC1;CEL;CBR3;FASN;HSPH1;ACAT2;GLUL;ACSL1;ME1;UGDH;HMGCS1;ENO2
6,2,anal_pc5_c21_S1.filtered.gene_spectra_score.k_6.dt_0_01.txt,prerank,HALLMARK_TGF_BETA_SIGNALING,0.5923694172233203,1.5137937641775776,0.03648648648648649,0.0384558052758624,0.348,10/24,16.76%,TGIF1;CDKN1C;WWTR1;ID1;ID3;SMAD1;CDH1;SMAD3;SLC20A1;TJP1
6,2,anal_pc5_c21_S1.filtered.gene_spectra_score.k_6.dt_0_01.txt,prerank,HALLMARK_ESTROGEN_RESPONSE_LATE,0.48597566409260035,1.501114968596574,0.0021344717182497333,0.04095921929546176,0.394,34/106,17.24%,CXCL14;KRT19;PLXNB1;TOP2A;MDK;HR;FGFR3;CYP4F11;HSPA4L;RAPGEFL1;CPE;CDC20;KLK11;KIF20A;FARP1;SCNN1A;NMU;SGK1;TFAP2C;KLK10;FABP5;SLC16A1;PRSS23;CDH1;SLC1A4;ASS1;BLVRB;UGDH;NAB2;LAMC2;IL17RB;MEST;TIAM1;SULT2B1
6,2,anal_pc5_c21_S1.filtered.gene_spectra_score.k_6.dt_0_01.txt,prerank,HALLMARK_XENOBIOTIC_METABOLISM,0.5004940057005071,1.5007349704174064,0.008938547486033519,0.03795091505342219,0.394,20/80,16.60%,AKR1C2;GCLC;ALDH3A1;AKR1C3;EPHX1;CES1;NQO1;PTGR1;SLC6A6;MT2A;EPHA2;RBP4;TPST1;TGFB2;BLVRB;UGDH;GCNT2;SLC12A4;NINJ1;IGF1
6,2,anal_pc5_c21_S1.filtered.gene_spectra_score.k_6.dt_0_01.txt,prerank,HALLMARK_KRAS_SIGNALING_DN,0.49033838117116607,1.4701827482455043,0.01762114537444934,0.04859568390986988,0.488,14/78,13.84%,PKP1;KRT15;AKR1B10;CALML5;FGFR3;IGFBP2;SPTBN2;SGK1;MX1;LFNG;LYPD3;DLK2;TGFB2;SHOX2
6,2,anal_pc5_c21_S1.filtered.gene_spectra_score.k_6.dt_0_01.txt,prerank,HALLMARK_PEROXISOME,0.544384015440177,1.4592124956334829,0.03821656050955414,0.05090976409605417,0.525,9/32,13.76%,ABCC5;ALDH1A1;TOP2A;CEL;CRABP2;DHRS3;CADM1;ACSL1;FDPS
6,2,anal_pc5_c21_S1.filtered.gene_spectra_score.k_6.dt_0_01.txt,prerank,HALLMARK_WNT_BETA_CATENIN_SIGNALING,0.6324287963431475,1.4446988250880273,0.059420289855072465,0.05634785253358722,0.583,7/15,13.46%,HEY1;JAG2;JAG1;MYC;DKK1;DLL1;CSNK1E
6,2,anal_pc5_c21_S1.filtered.gene_spectra_score.k_6.dt_0_01.txt,prerank,HALLMARK_GLYCOLYSIS,0.4867753555969054,1.4429037280104733,0.02796420581655481,0.05379555821058985,0.588,27/67,21.72%,GPC1;GCLC;CDK1;GPC3;TGFBI;HMMR;KIF20A;DEPDC1;SDC2;CENPA;TPST1;AURKA;VLDLR;ME1;GPC4;IRS2;PLOD2;MXI1;ARTN;ENO2;DDIT4;KIF2A;STC2;VEGFA;DSC2;CHST1;P4HA2
6,2,anal_pc5_c21_S1.filtered.gene_spectra_score.k_6.dt_0_01.txt,prerank,HALLMARK_ESTROGEN_RESPONSE_EARLY,0.4649428602525558,1.4387051532718906,0.011689691817215728,0.053018148265688736,0.607,48/118,21.98%,KRT15;KRT19;CELSR1;HR;TUBB2B;SLC2A1;RAPGEFL1;PMAIP1;LRIG1;MAST4;FARP1;NAV2;AQP3;SCNN1A;GJA1;SLC7A2;FASN;DHRS3;TFAP2C;KLK10;SLC16A1;SVIL;HES1;PRSS23;SLC1A4;MYC;BLVRB;ZNF185;SEC14L2;INHBB;IL17RB;TIAM1;ESRP2;SULT2B1;OVOL2;RHOD;SH3BP5;OLFM1;STC2;SLC7A5;THSD4;LAD1;SLC19A2;PPIF;AR;KRT13;FOXC1;RAB31
6,2,anal_pc5_c21_S1.filtered.gene_spectra_score.k_6.dt_0_01.txt,prerank,HALLMARK_DNA_REPAIR,0.5797026797807784,1.429515282701826,0.07046070460704607,0.05505074969238393,0.635,6/22,8.60%,BCAM;TYMS;ZWINT;LIG1;ARL6IP1;POLA1
6,2,anal_pc5_c21_S1.filtered.gene_spectra_score.k_6.dt_0_01.txt,prerank,HALLMARK_HEME_METABOLISM,0.4868970054759649,1.4064245105511033,0.04387990762124711,0.06451655559081773,0.709,15/55,15.42%,GCLC;BCAM;SLC7A11;SLC2A1;TFRC;CTSB;SNCA;AQP3;SPTB;KLF3;DMTN;SLC6A8;BLVRB;BNIP3L;MXI1
6,2,anal_pc5_c21_S1.filtered.gene_spectra_score.k_6.dt_0_01.txt,prerank,HALLMARK_IL2_STAT5_SIGNALING,-0.3052439323390449,-1.3365388341477416,0.01818181818181818,0.10374919198448611,0.33867735470941884,51/127,20.36%,LTB;CCND2;CA2;MUC1;IL10RA;COL6A1;ADAM19;TRAF1;TNFRSF1B;CTSZ;XBP1;IRF8;NFKBIZ;SELL;ITIH5;IL2RB;CCR4;CD48;NT5E;CDC42SE2;IRF4;RHOH;ST3GAL4;MXD1;FGL2;CD79B;CST7;ICOS;CSF1;IL1R2;ABCB1;BATF;RORA;MAP3K8;CISH;GLIPR2;SLC2A3;PTGER2;GBP4;GPR65;SLC39A8;HK2;IL2RA;EOMES;CTLA4;FLT3LG;BCL2;TNFRSF4;NRP1;PRKCH;CCND3
6,2,anal_pc5_c21_S1.filtered.gene_spectra_score.k_6.dt_0_01.txt,prerank,HALLMARK_APICAL_JUNCTION,0.43230992904099846,1.3280472291647711,0.0511727078891258,0.1216985789343771,0.908,29/101,17.74%,ADAM23;CDH3;COL17A1;MDK;LAMB3;ITGA2;ITGB4;LAYN;TGFBI;LAMA3;PIK3R3;PPP2R2C;MPZL2;BMP1;MAP3K20;NECTIN4;FSCN1;CDH1;SORBS3;KCNH2;ADAM9;ADAM15;LAMC2;NLGN2;GRB7;CD276;TJP1;CX3CL1;INSIG1
6,2,anal_pc5_c21_S1.filtered.gene_spectra_score.k_6.dt_0_01.txt,prerank,HALLMARK_UV_RESPONSE_UP,0.4546076497884205,1.3239208101919475,0.07033997655334115,0.12003765038515911,0.914,25/66,22.14%,EPHX1;IGFBP2;TFRC;AQP3;HSPA2;CDKN1C;PPT1;BCL2L11;MMP14;SLC6A8;DNAJB1;CREG1;RHOB;SHOX2;KCNH2;LHX2;CYB5R1;ENO2;CTSV;ATF3;OLFM1;HYAL2;PPIF;PTPRD;SOD2
6,2,anal_pc5_c21_S1.filtered.gene_spectra_score.k_6.dt_0_01.txt,prerank,HALLMARK_MYOGENESIS,0.41342044862100685,1.2883657882202664,0.06907545164718384,0.15264880254255608,0.959,29/112,14.46%,NQO1;EFS;SPHK1;ITGB4;CDH13;MYH11;ITGB5;TNNT3;GAA;NAV2;SCD;GSN;PVALB;FST;WWTR1;CRYAB;ACSL1;SLC6A8;SVIL;TNNI2;ADAM12;MAPRE3;CDKN1A;SORBS3;TEAD4;FDPS;KCNH2;CLU;TNNT1
6,2,anal_pc5_c21_S1.filtered.gene_spectra_score.k_6.dt_0_01.txt,prerank,HALLMARK_HYPOXIA,0.41668986653377044,1.2667060282635594,0.07609860664523044,0.17324746993899645,0.98,37/111,20.72%,PKP1;GPC1;GPC3;ACKR3;TGFBI;SLC2A1;GAA;SLC6A6;MT2A;CDKN1C;NEDD4L;SDC2;CAVIN1;NDRG1;VLDLR;SDC4;CDKN1A;BNIP3L;GPC4;NFIL3;IRS2;GCNT2;MXI1;CCNG2;JUN;ENO2;DDIT4;SULT2B1;PLAUR;ATF3;STC2;ERRFI1;VEGFA;PIM1;LOX;ADM;DTNA
6,2,anal_pc5_c21_S1.filtered.gene_spectra_score.k_6.dt_0_01.txt,prerank,HALLMARK_APICAL_SURFACE,0.4789637496698688,1.2312631241683927,0.19346049046321526,0.21004443033957473,0.993,9/27,18.16%,GSTM3;CROCC;DCBLD2;SULF2;LYPD3;EPHB4;CX3CL1;PCSK9;PLAUR
6,2,anal_pc5_c21_S1.filtered.gene_spectra_score.k_6.dt_0_01.txt,prerank,HALLMARK_INTERFERON_ALPHA_RESPONSE,-0.310796036766515,-1.12571138408254,0.21379310344827587,0.29587219503185885,0.7454909819639278,18/50,23.58%,CD74;SELL;CASP8;SP110;IRF1;C1S;LPAR6;SAMD9L;ISG20;CSF1;GBP4;TMEM140;IRF7;IL7;TRIM14;IFITM2;SAMD9;CCRL2
6,2,anal_pc5_c21_S1.filtered.gene_spectra_score.k_6.dt_0_01.txt,prerank,HALLMARK_INFLAMMATORY_RESPONSE,-0.24648847890869063,-1.1009074875145506,0.2,0.2937944408532644,0.7915831663326653,57/141,27.82%,SLC4A4;IL10RA;TNFRSF1B;IL7R;LCP2;SLAMF1;SELL;LCK;CYBB;IL2RB;CD40;CCL5;GPR132;CD48;IRF1;GPR183;RASGRP1;KCNA3;ITGA5;PIK3R5;MXD1;STAB1;PTGER4;CD69;CCR7;CSF1;CXCR6;CD14;PDE4B;RGS1;CD55;IL18;PTGER2;SCARF1;ICAM1;TIMP1;IRF7;NOD2;EMP3;C3AR1;CCL2;IL18R1;IL18RAP;NMUR1;CCRL2;PTGIR;CCL20;TLR1;ITGB3;P2RX7;LTA;CCL24;CMKLR1;PTAFR;NLRP3;EDN1;IL1R1
6,2,anal_pc5_c21_S1.filtered.gene_spectra_score.k_6.dt_0_01.txt,prerank,HALLMARK_PI3K_AKT_MTOR_SIGNALING,0.40703111563898575,1.0842063932040242,0.3695090439276486,0.46374166931132976,1.0,5/32,4.08%,CDK1;E2F1;SLC2A1;PIK3R3;MAPK10
6,2,anal_pc5_c21_S1.filtered.gene_spectra_score.k_6.dt_0_01.txt,prerank,HALLMARK_EPITHELIAL_MESENCHYMAL_TRANSITION,0.33306294460816155,1.053872542321446,0.37474332648870634,0.5099547076961655,1.0,43/164,20.16%,GPC1;COL7A1;PFN2;DPYSL3;DST;ITGA2;IGFBP2;TGFBI;WNT5A;LAMA3;THBS2;PDLIM4;ITGB5;PTHLH;GJA1;ELN;CRLF1;BMP1;SNAI2;HTRA1;CADM1;MMP14;SLC6A8;ADAM12;SDC4;DKK1;RHOB;CDH2;PLOD2;TNC;LAMC2;JUN;ENO2;MEST;LOXL1;PLAUR;SERPINH1;FOXC2;CTHRC1;GADD45A;VEGFA;ECM1;LOX
6,2,anal_pc5_c21_S1.filtered.gene_spectra_score.k_6.dt_0_01.txt,prerank,HALLMARK_UV_RESPONSE_DN,0.33204266173631763,0.9812987903478532,0.5282167042889391,0.6467854120385061,1.0,15/69,12.36%,PIK3R3;MAP1B;RUNX1;SLC7A1;GJA1;LDLR;TFPI;PLCB4;NFIB;SNAI2;SDC2;ID1;VLDLR;MYC;SMAD3
6,2,anal_pc5_c21_S1.filtered.gene_spectra_score.k_6.dt_0_01.txt,prerank,HALLMARK_APOPTOSIS,0.3284648832519385,0.9752748840498603,0.540268456375839,0.6370582956696833,1.0,20/79,16.08%,TOP2A;HMGB2;TNFSF10;PMAIP1;ANXA1;PPT1;GSN;BCL2L11;IFITM3;CDC25B;TGFB2;RHOB;CDKN1A;BNIP3L;CLU;EMP1;NEDD9;JUN;SLC20A1;ENO2
6,2,anal_pc5_c21_S1.filtered.gene_spectra_score.k_6.dt_0_01.txt,prerank,HALLMARK_ANDROGEN_RESPONSE,0.3209986853892097,0.8857618441599583,0.6348808030112923,0.7940380478860326,1.0,10/41,17.74%,KRT19;SCD;SGK1;DBI;NDRG1;ARID5B;HMGCS1;TSC22D1;HMGCR;INSIG1
6,2,anal_pc5_c21_S1.filtered.gene_spectra_score.k_6.dt_0_01.txt,prerank,HALLMARK_TNFA_SIGNALING_VIA_NFKB,0.2792636396169547,0.8783676746615664,0.7410901467505241,0.7829951577072307,1.0,44/150,24.08%,ACKR3;LAMB3;SPHK1;BCL6;TGIF1;LDLR;JAG1;SGK1;TNFAIP2;NAMPT;HES1;SDC4;MYC;SMAD3;PLAU;SERPINB8;RHOB;CDKN1A;NFIL3;IRS2;TNC;JUN;TSC22D1;NINJ1;CEBPB;RCAN1;PLAUR;ATF3;KYNU;TUBB2A;GADD45A;SPSB1;VEGFA;PHLDA1;FOSL1;SOD2;EFNA1;ZBTB10;FJX1;KLF9;PHLDA2;PDLIM5;CXCL10;SERPINB2
6,2,anal_pc5_c21_S1.filtered.gene_spectra_score.k_6.dt_0_01.txt,prerank,HALLMARK_ANGIOGENESIS,0.3105107574950015,0.811531814250775,0.7389100126742713,0.8642221715328468,1.0,3/29,8.04%,FGFR1;JAG2;JAG1
6,2,anal_pc5_c21_S1.filtered.gene_spectra_score.k_6.dt_0_01.txt,prerank,HALLMARK_BILE_ACID_METABOLISM,0.2932037570757521,0.792673888098188,0.7903822441430333,0.8649891488672827,1.0,4/37,10.92%,RBP1;ALDH1A1;FADS2;ACSL1
6,2,anal_pc5_c21_S1.filtered.gene_spectra_score.k_6.dt_0_01.txt,prerank,HALLMARK_ADIPOGENESIS,-0.20272011652801447,-0.7516807175802396,0.9428571428571428,0.9119263089851325,0.996993987975952,12/51,18.42%,MGLL;NABP1;PPARG;LAMA4;ITIH5;APOE;COL15A1;C3;DNAJB9;MYLK;GPX3;ENPP2
6,2,anal_pc5_c21_S1.filtered.gene_spectra_score.k_6.dt_0_01.txt,prerank,HALLMARK_COAGULATION,0.2482881285743571,0.7418589141901688,0.9002217294900222,0.903416904686343,1.0,13/79,14.60%,ITGA2;ANXA1;CTSB;GSN;BMP1;HTRA1;MMP14;PRSS23;PLAU;DUSP14;MMP11;CLU;ADAM9
6,2,anal_pc5_c21_S1.filtered.gene_spectra_score.k_6.dt_0_01.txt,prerank,HALLMARK_UNFOLDED_PROTEIN_RESPONSE,0.25974145076715693,0.6516295755898628,0.9156462585034013,0.9562572728234423,1.0,9/23,19.66%,PSAT1;SLC1A4;DDIT4;CEBPB;ATF3;TUBB2A;STC2;VEGFA;SLC7A5
6,3,anal_pc5_c21_S1.filtered.gene_spectra_score.k_6.dt_0_01.txt,prerank,HALLMARK_E2F_TARGETS,-0.5992196394490845,-2.2718210045832863,0.0,0.0,0.0,41/54,30.00%,HELLS;MCM2;EZH2;MCM4;CDKN2A;CENPM;CDC25B;TCF19;SMC4;LIG1;MCM6;LMNB1;CDK1;PTTG1;CDKN2C;TOP2A;HMGB2;TACC3;MYBL2;ANP32E;NCAPD2;CIT;ORC6;RRM2;AURKB;KIF18B;DLGAP5;BIRC5;MELK;KIF2C;ESPL1;CCNB2;CENPE;HMMR;SPC25;MKI67;DIAPH3;POLE;DEPDC1;KIF22;CDCA3
6,3,anal_pc5_c21_S1.filtered.gene_spectra_score.k_6.dt_0_01.txt,prerank,HALLMARK_ALLOGRAFT_REJECTION,-0.4899400142144025,-2.1412160153623603,0.0,0.0,0.0,64/121,23.06%,ITGAL;IL16;LTB;ST8SIA4;HCLS1;FLNA;CD74;SRGN;CD2;CD79A;PTPRC;FYB1;ETS1;ZAP70;CD96;ITGB2;CD3E;MAP4K1;PTPN6;CDKN2A;CD4;CD3D;LCP2;LCK;PRKCB;ITK;CCL5;NCF4;IL2RB;SPI1;CD28;CSF1;CD247;WAS;CD8A;IRF4;CD40;GBP2;IL12RB1;CD7;STAT4;IL2RG;CCR5;SIT1;STAB1;CD3G;FGR;THY1;IRF8;GZMA;SOCS1;IL27RA;ICAM1;TLR6;PRF1;CXCR3;GPR65;TLR2;LY86;IL2RA;CCL11;CD40LG;TRAT1;STAT1
6,3,anal_pc5_c21_S1.filtered.gene_spectra_score.k_6.dt_0_01.txt,prerank,HALLMARK_INTERFERON_GAMMA_RESPONSE,-0.46716150984704363,-1.9984243436004774,0.0,0.0,0.0,61/111,26.86%,ST8SIA4;CD74;C1R;SAMHD1;C1S;ITGB7;RNF213;ARID5B;IL10RA;CIITA;PARP14;PTPN6;TNFAIP2;NLRC5;LCP2;SP110;SLAMF7;CCL5;MX1;BANK1;IL2RB;MX2;FGL2;OAS2;IRF4;ST3GAL5;KLRK1;CD40;IFI30;CSF2RB;STAT4;ISG20;TNFAIP3;ZBP1;CASP8;RAPGEF6;CD38;PIM1;CD69;IL18BP;CFH;IFI44L;IRF8;VCAM1;GZMA;SOCS1;GBP6;ICAM1;SERPING1;PSMB9;IFITM2;IFI44;STAT1;TNFSF10;SAMD9L;GPR18;CCL2;GBP4;PDE4B;NAMPT;SOCS3
6,3,anal_pc5_c21_S1.filtered.gene_spectra_score.k_6.dt_0_01.txt,prerank,HALLMARK_ESTROGEN_RESPONSE_EARLY,0.6162136292423804,1.8219016804417274,0.0,0.0023523685918234913,0.003,28/118,7.56%,CLDN7;CA12;MUC1;ELF3;MLPH;KRT8;SLC26A2;TFF3;TJP3;TTC39A;AKAP1;KLF4;ESRP2;MYB;TOB1;NBL1;KCNK5;CCND1;SCNN1A;LAD1;FLNB;HES1;OVOL2;FHL2;RETREG1;RAPGEFL1;P2RY2;FOS
6,3,anal_pc5_c21_S1.filtered.gene_spectra_score.k_6.dt_0_01.txt,prerank,HALLMARK_ESTROGEN_RESPONSE_LATE,0.6171537582702272,1.8212175775986301,0.0,0.0011761842959117457,0.003,25/106,8.36%,AGR2;CA2;CA12;SLC26A2;CKB;TFF3;TJP3;LLGL2;SERPINA1;CDH1;KLF4;MYB;TOB1;TSPAN13;NBL1;KCNK5;CCND1;UGDH;SCNN1A;FLNB;OVOL2;RAPGEFL1;FOS;ID2;ASS1
6,3,anal_pc5_c21_S1.filtered.gene_spectra_score.k_6.dt_0_01.txt,prerank,HALLMARK_EPITHELIAL_MESENCHYMAL_TRANSITION,-0.38085301266624777,-1.7405067015963867,0.0,0.009086374002280502,0.017034068136272545,74/164,23.12%,WIPF1;COL7A1;GPC1;FBLN1;DPYSL3;TGFBI;PFN2;FLNA;ENO2;COL5A1;COL6A2;DST;ELN;COL3A1;COL1A2;COL4A2;EMP3;GLIPR1;FSTL1;SPARC;VCAN;DCN;HTRA1;GJA1;LUM;COL6A3;THBS2;COL1A1;WNT5A;FBN1;FBLN2;CALD1;COL16A1;PDLIM4;COL4A1;ECM1;CXCL12;MMP2;SNAI2;ITGA5;PCOLCE;COL5A2;TNC;TNFAIP3;PRRX1;BASP1;CRLF1;LAMC1;CDH11;PTHLH;MXRA5;PMP22;IL32;THY1;CADM1;LOXL1;MYL9;VCAM1;TPM2;BGN;ABI3BP;LAMA2;PDGFRB;SFRP1;MGP;TIMP3;ADAM12;GREM1;ITGA2;EFEMP2;COL5A3;FBLN5;LOXL2;ACTA2
6,3,anal_pc5_c21_S1.filtered.gene_spectra_score.k_6.dt_0_01.txt,prerank,HALLMARK_G2M_CHECKPOINT,-0.43313879741496025,-1.7008452342713287,0.0,0.011972633979475485,0.027054108216432865,49/68,32.50%,MCM2;EZH2;NUSAP1;CDC25B;ODC1;SMC4;MCM6;LMNB1;CDK1;PTTG1;CDKN2C;TPX2;E2F1;TOP2A;TACC3;MYBL2;MEIS1;RAD54L;SMAD3;NDC80;PRC1;CDC45;FBXO5;KIF11;CENPF;ORC6;KIF23;AURKB;BIRC5;POLQ;KIF2C;CCNF;KIF15;ESPL1;TROAP;CCNB2;SLC7A5;CENPE;HMMR;EXO1;MAP3K20;MKI67;POLE;KIF22;BUB1;KIF20B;MT2A;UBE2C;FANCC
6,3,anal_pc5_c21_S1.filtered.gene_spectra_score.k_6.dt_0_01.txt,prerank,HALLMARK_FATTY_ACID_METABOLISM,0.5928114859857739,1.6161103053414858,0.020100502512562814,0.04652462326050905,0.161,10/44,6.64%,CA2;ACSL5;MGLL;MAOA;CA4;HSD17B11;UGDH;ACAA2;HPGD;ACOX1
6,3,anal_pc5_c21_S1.filtered.gene_spectra_score.k_6.dt_0_01.txt,prerank,HALLMARK_PI3K_AKT_MTOR_SIGNALING,-0.47376831993221713,-1.5359776921279387,0.02857142857142857,0.05238027366020524,0.1372745490981964,16/32,20.50%,CXCR4;PLCG1;MAPK10;SLA;LCK;PRKCB;CDK1;TIAM1;PIK3R3;SLC2A1;E2F1;PDK1;IL2RG;PLCB1;CAMK4;DAPP1
6,3,anal_pc5_c21_S1.filtered.gene_spectra_score.k_6.dt_0_01.txt,prerank,HALLMARK_BILE_ACID_METABOLISM,0.5884363412177123,1.518362143111274,0.032722513089005235,0.11801049102314515,0.443,10/37,11.86%,ACSL5;NR3C2;TFCP2L1;SULT1B1;HSD17B11;NR1I2;CYP27A1;CAT;ABCA2;SLC27A2
6,3,anal_pc5_c21_S1.filtered.gene_spectra_score.k_6.dt_0_01.txt,prerank,HALLMARK_PEROXISOME,0.5645760984893662,1.4274194852492676,0.06892067620286085,0.23727557862859613,0.77,13/32,15.68%,HSD11B2;ACSL5;HSD17B11;NR1I2;SEMA3C;ACOX1;ABCB1;CAT;SLC27A2;ECI2;STS;SOD2;DHRS3
6,3,anal_pc5_c21_S1.filtered.gene_spectra_score.k_6.dt_0_01.txt,prerank,HALLMARK_CHOLESTEROL_HOMEOSTASIS,0.5571074670700318,1.4119521585936161,0.052840158520475564,0.22739563054293746,0.811,18/35,19.46%,LGALS3;PPARG;MAL2;HMGCR;ANTXR2;ABCA2;JAG1;HMGCS1;TNFRSF12A;CXCL16;MVD;CPEB2;LDLR;PLAUR;STARD4;TM7SF2;LGMN;FASN
6,3,anal_pc5_c21_S1.filtered.gene_spectra_score.k_6.dt_0_01.txt,prerank,HALLMARK_UV_RESPONSE_UP,0.49987363445755084,1.391689519771064,0.054461181923522596,0.229187911374803,0.844,18/66,15.52%,EPCAM;CA2;MAOA;CDKN2B;BMP2;FOS;RAB27A;PTPRD;ABCB1;SLC6A8;PRKCD;IGFBP2;C4BPB;SULT1A1;HMOX1;CDC34;NR4A1;SOD2
6,3,anal_pc5_c21_S1.filtered.gene_spectra_score.k_6.dt_0_01.txt,prerank,HALLMARK_ANDROGEN_RESPONSE,0.5134935328461382,1.3626249942320836,0.07950310559006211,0.2583684836686135,0.908,16/41,15.44%,KRT8;SLC26A2;CCND1;HPGD;HMGCR;TSC22D1;SELENOP;STK39;HMGCS1;AZGP1;INPP4B;SAT1;PMEPA1;IQGAP2;PDLIM5;DBI
6,3,anal_pc5_c21_S1.filtered.gene_spectra_score.k_6.dt_0_01.txt,prerank,HALLMARK_GLYCOLYSIS,0.47500399225345624,1.3265382121929679,0.09246575342465753,0.30136455404138723,0.951,15/67,11.20%,B3GNT3;ELF3;TFF3;HK2;QSOX1;NT5E;DSC2;CYB5A;EGLN3;CITED2;P4HA2;HSPA5;IER3;VEGFA;SLC16A3
6,3,anal_pc5_c21_S1.filtered.gene_spectra_score.k_6.dt_0_01.txt,prerank,HALLMARK_XENOBIOTIC_METABOLISM,0.4613881570823897,1.3224195826402958,0.09292035398230089,0.2786772658446896,0.955,19/80,12.74%,CA2;ABCC3;MAOA;TMEM176B;CYB5A;CFB;UGDH;XDH;NDRG2;FBP1;ACOX1;BCAR1;ID2;CYP27A1;CDA;CAT;IGFBP4;CYP2C18;BLVRB
6,3,anal_pc5_c21_S1.filtered.gene_spectra_score.k_6.dt_0_01.txt,prerank,HALLMARK_MITOTIC_SPINDLE,-0.32521096258128795,-1.2960662175947202,0.043478260869565216,0.2232651897703209,0.5110220440881763,35/77,24.44%,ARHGAP4;DOCK2;FLNA;CNTRL;DST;CCDC88A;NUSAP1;SMC4;LMNB1;CEP72;CDK1;TIAM1;TPX2;KNTC1;TOP2A;PALLD;ECT2;ANLN;PREX1;NDC80;PRC1;RAPGEF6;CEP250;ARHGAP10;FSCN1;FBXO5;KIF11;CENPF;KIF23;DLGAP5;BIRC5;FARP1;KIF2C;KIF15;ESPL1
6,3,anal_pc5_c21_S1.filtered.gene_spectra_score.k_6.dt_0_01.txt,prerank,HALLMARK_MTORC1_SIGNALING,-0.31835731218468827,-1.2713631678649446,0.11594202898550725,0.22502137970353478,0.5601202404809619,22/72,13.74%,CORO1A;GCLC;ELOVL5;CXCR4;PHGDH;SLC6A6;MCM2;TXNRD1;ITGB2;MCM4;SLA;SLC7A11;SLC1A4;PIK3R3;SLC2A1;FGL2;BTG2;IGFBP5;PDK1;NIBAN1;IFI30;CTSC
6,3,anal_pc5_c21_S1.filtered.gene_spectra_score.k_6.dt_0_01.txt,prerank,HALLMARK_P53_PATHWAY,0.4253447492011919,1.232987218163747,0.17853231106243153,0.45728619747114235,0.999,27/89,14.40%,AK1;EPS8L2;KLF4;TOB1;MXD1;NUPR1;CCND2;CDKN2B;BMP2;KIF13B;FOS;CTSD;FUCA1;TSC22D1;PDGFA;ITGB4;JUN;IER3;GPX2;VWA5A;CDKN1A;LIF;TRAF4;TGFA;CEBPA;HMOX1;SAT1
6,3,anal_pc5_c21_S1.filtered.gene_spectra_score.k_6.dt_0_01.txt,prerank,HALLMARK_KRAS_SIGNALING_UP,0.4058876246880353,1.2117648935873226,0.1550632911392405,0.47485173768836975,0.999,32/131,14.34%,TSPAN1;CA2;EPHB2;SPON1;CTSS;KLF4;MALL;TMEM176B;TSPAN13;TMEM176A;CFB;CCND2;BMP2;ACE;SPRY2;HKDC1;ID2;FUCA1;TSPAN7;ABCB1;PTPRR;VWA5A;CCL20;MPZL2;LIF;DUSP6;ANO1;SLPI;BTC;TRIB1;KCNN4;EPB41L3
6,3,anal_pc5_c21_S1.filtered.gene_spectra_score.k_6.dt_0_01.txt,prerank,HALLMARK_HEME_METABOLISM,0.4396921964979208,1.1990001678837696,0.23014018691588786,0.4718610126624403,0.999,12/55,11.06%,SELENBP1;CA2;PDZK1IP1;MBOAT2;P4HA2;KLF3;TRIM10;SLC6A8;KDM7A;CAT;MAP2K3;ALDH1L1
6,3,anal_pc5_c21_S1.filtered.gene_spectra_score.k_6.dt_0_01.txt,prerank,HALLMARK_TGF_BETA_SIGNALING,0.48865486090681404,1.17627638384768,0.26253687315634217,0.491813062019097,1.0,9/24,15.50%,CDH1;BMP2;ID2;ID1;THBS1;ID3;PMEPA1;SMAD7;TJP1
6,3,anal_pc5_c21_S1.filtered.gene_spectra_score.k_6.dt_0_01.txt,prerank,HALLMARK_HEDGEHOG_SIGNALING,-0.41324222439714,-1.1725357998736876,0.26605504587155965,0.34231280881793996,0.749498997995992,8/17,22.30%,DPYSL2;CELSR1;NRCAM;NRP2;THY1;NRP1;HEY1;CRMP1
6,3,anal_pc5_c21_S1.filtered.gene_spectra_score.k_6.dt_0_01.txt,prerank,HALLMARK_INTERFERON_ALPHA_RESPONSE,-0.2996900293394527,-1.0849285051865043,0.2925531914893617,0.4547462941847207,0.87374749498998,18/50,26.48%,CD74;C1S;PARP14;SELL;SP110;LPAR6;MX1;CSF1;GBP2;IFI30;ISG20;CASP8;IFI44L;PSMB9;IFITM2;IFI44;SAMD9L;GBP4
6,3,anal_pc5_c21_S1.filtered.gene_spectra_score.k_6.dt_0_01.txt,prerank,HALLMARK_INFLAMMATORY_RESPONSE,-0.23502255714500825,-1.0692493342162244,0.23076923076923078,0.4472245257593035,0.8977955911823647,49/141,27.22%,GPC3;SPHK1;IL10RA;SEMA4D;EMP3;IL7R;LCP2;LCK;SELL;RASGRP1;SLAMF1;CD48;CCL5;IL2RB;GPR183;CYBB;CSF1;GPR132;ITGA5;BTG2;PIK3R5;KCNA3;CD40;TNFRSF1B;ABCA1;CCR7;STAB1;OSMR;PCDH7;CD69;PDPN;SLC7A2;IL1R1;ICAM1;RGS1;TLR2;AXL;CXCR6;ITGB8;TNFSF10;C3AR1;AHR;ITGB3;CCL2;CALCRL;PDE4B;NAMPT;CX3CL1;TLR1
6,3,anal_pc5_c21_S1.filtered.gene_spectra_score.k_6.dt_0_01.txt,prerank,HALLMARK_REACTIVE_OXYGEN_SPECIES_PATHWAY,-0.37699132299627,-1.0623495270288805,0.37735849056603776,0.4245652793614595,0.905811623246493,4/19,4.80%,LSP1;GCLC;TXNRD1;FTL
6,3,anal_pc5_c21_S1.filtered.gene_spectra_score.k_6.dt_0_01.txt,prerank,HALLMARK_IL2_STAT5_SIGNALING,0.35652923222760313,1.0600777892800766,0.39358288770053473,0.7672903597952268,1.0,18/127,9.50%,CA2;MUC1;ST3GAL4;HK2;NT5E;NFKBIZ;MXD1;IL1R2;TNFRSF21;CCND2;SLC39A8;BMP2;CDCP1;SMPDL3A;ITGA6;WLS;ABCB1;PNP
6,3,anal_pc5_c21_S1.filtered.gene_spectra_score.k_6.dt_0_01.txt,prerank,HALLMARK_ANGIOGENESIS,-0.32418552880982104,-1.0413372436560249,0.38016528925619836,0.42956758179107096,0.9228456913827655,8/29,12.76%,FGFR1;COL3A1;FSTL1;VCAN;LUM;S100A4;JAG2;COL5A2
6,3,anal_pc5_c21_S1.filtered.gene_spectra_score.k_6.dt_0_01.txt,prerank,HALLMARK_HYPOXIA,0.3453631013563867,1.010568208733113,0.48497854077253216,0.8559681213497728,1.0,17/111,10.94%,SELENBP1;CA12;PPARGC1A;HK2;PLAC8;EFNA1;NEDD4L;FBP1;SDC4;FOS;CITED2;P4HA2;JUN;LXN;HSPA5;IER3;VEGFA
6,3,anal_pc5_c21_S1.filtered.gene_spectra_score.k_6.dt_0_01.txt,prerank,HALLMARK_COAGULATION,-0.25061540864355686,-1.0049366869560088,0.4074074074074074,0.4660775370581528,0.9478957915831663,30/79,26.36%,ANXA1;C1R;C1S;FYN;SPARC;A2M;HTRA1;FBN1;CTSH;CTSB;MMP2;PECAM1;USP11;PLAU;PLEK;CLU;CFH;SERPING1;SH2B2;CFD;C1QA;C3;TIMP3;MMP11;ITGA2;PLAT;CTSK;ITGB3;THBD;FN1
6,3,anal_pc5_c21_S1.filtered.gene_spectra_score.k_6.dt_0_01.txt,prerank,HALLMARK_ADIPOGENESIS,0.3697489694161449,1.0016504188323512,0.4647713226205192,0.8305706124110904,1.0,6/51,6.64%,MGLL;PPARG;TOB1;ESRRA;ACAA2;ACOX1
6,3,anal_pc5_c21_S1.filtered.gene_spectra_score.k_6.dt_0_01.txt,prerank,HALLMARK_DNA_REPAIR,0.41918078357464,0.9915110096743577,0.49164345403899723,0.8109137284591535,1.0,5/22,9.64%,AK1;VPS37B;STX3;PNP;CDA
6,3,anal_pc5_c21_S1.filtered.gene_spectra_score.k_6.dt_0_01.txt,prerank,HALLMARK_APICAL_JUNCTION,0.30436338701765675,0.8903923626189186,0.6684841875681571,1.0,1.0,6/101,4.20%,CLDN7;CLDN4;WNK4;PCDH1;CDH1;ITGA3
6,3,anal_pc5_c21_S1.filtered.gene_spectra_score.k_6.dt_0_01.txt,prerank,HALLMARK_TNFA_SIGNALING_VIA_NFKB,0.2945676714229886,0.8847923323025076,0.7184567257559958,0.9632949383517196,1.0,41/150,17.62%,KLF4;EFNA1;MXD1;CCND1;BMP2;HES1;IL18;SDC4;FOS;ID2;TSC22D1;PHLDA2;EDN1;JUN;IER3;MAP2K3;VEGFA;CCL20;CXCL3;CCRL2;JAG1;PTGER4;CDKN1A;LIF;DUSP1;AREG;TRIB1;SAT1;PMEPA1;PDLIM5;NR4A1;SOD2;RNF19B;MYC;HBEGF;LAMB3;LDLR;G0S2;ZFP36;PLAUR;TGIF1
6,3,anal_pc5_c21_S1.filtered.gene_spectra_score.k_6.dt_0_01.txt,prerank,HALLMARK_COMPLEMENT,0.2965542010599788,0.8789125709960741,0.7238493723849372,0.9285508276423267,1.0,20/122,14.88%,CA2;LGALS3;KLK1;SERPINA1;CTSS;PRSS3;CFB;CPM;CTSD;CDA;HSPA5;PRKCD;DPP4;CASP5;ADAM9;C4BPB;DUSP6;LRP1;CSRP1;CASP10
6,3,anal_pc5_c21_S1.filtered.gene_spectra_score.k_6.dt_0_01.txt,prerank,HALLMARK_UNFOLDED_PROTEIN_RESPONSE,-0.28726560996177886,-0.8623055299313234,0.6690140845070423,0.7207810718358039,0.9899799599198397,10/23,30.44%,NABP1;SLC1A4;TSPYL2;HERPUD1;DNAJB9;CCL2;SLC7A5;CEBPB;ERN1;PSAT1
6,3,anal_pc5_c21_S1.filtered.gene_spectra_score.k_6.dt_0_01.txt,prerank,HALLMARK_APICAL_SURFACE,0.3370466839281818,0.8390568215177254,0.6710144927536232,0.9585902011680728,1.0,2/27,3.90%,ATP8B1;AKAP7
6,3,anal_pc5_c21_S1.filtered.gene_spectra_score.k_6.dt_0_01.txt,prerank,HALLMARK_APOPTOSIS,0.2883249308705495,0.8271533350630715,0.7545045045045045,0.9366858994253684,1.0,17/79,16.10%,LGALS3;ERBB3;ERBB2;CCND1;CCND2;BMP2;IL18;JUN;IER3;CDKN1A;HMOX1;TNFRSF12A;SAT1;SMAD7;CTH;SOD2;TIMP1
6,3,anal_pc5_c21_S1.filtered.gene_spectra_score.k_6.dt_0_01.txt,prerank,HALLMARK_UV_RESPONSE_DN,0.2823747212063423,0.790326707412483,0.7818396226415094,0.9528072950465065,1.0,17/69,16.60%,MGLL;PPARG;ERBB2;ICA1;FHL2;ID1;CITED2;PLCB4;KCNMA1;DUSP1;MET;INPP4B;PDLIM5;SMAD7;TJP1;MYC;LDLR
6,3,anal_pc5_c21_S1.filtered.gene_spectra_score.k_6.dt_0_01.txt,prerank,HALLMARK_KRAS_SIGNALING_DN,0.27894515441316264,0.7892263448604323,0.7865168539325843,0.9165455332035475,1.0,8/78,13.54%,HSD11B2;TFCP2L1;GPRC5C;SELENOP;EDN1;IGFBP2;HTR1D;SLC6A14
6,3,anal_pc5_c21_S1.filtered.gene_spectra_score.k_6.dt_0_01.txt,prerank,HALLMARK_SPERMATOGENESIS,0.27324534741018575,0.6997772914622304,0.8534370946822308,0.9927900214645834,1.0,2/36,6.20%,SLC12A2;ACE
6,3,anal_pc5_c21_S1.filtered.gene_spectra_score.k_6.dt_0_01.txt,prerank,HALLMARK_MYOGENESIS,0.23192756163135222,0.6815329562482304,0.9317443120260022,0.9757102170307881,1.0,10/112,9.90%,AK1;CKB;ERBB3;VIPR1;DAPK2;EPHB3;MB;ACHE;SLC6A8;ITGB4
6,3,anal_pc5_c21_S1.filtered.gene_spectra_score.k_6.dt_0_01.txt,prerank,HALLMARK_IL6_JAK_STAT3_SIGNALING,0.23323743244264672,0.6293849883932764,0.9384615384615385,0.9830940406662341,1.0,3/53,5.06%,PLA2G2A;IL1R2;TNFRSF21
6,3,anal_pc5_c21_S1.filtered.gene_spectra_score.k_6.dt_0_01.txt,prerank,HALLMARK_WNT_BETA_CATENIN_SIGNALING,0.24558641240719914,0.5493873598901174,0.9634920634920635,0.9857505948518278,1.0,4/15,16.98%,CCND2;JAG1;MYC;PPARD
6,4,anal_pc5_c21_S1.filtered.gene_spectra_score.k_6.dt_0_01.txt,prerank,HALLMARK_E2F_TARGETS,-0.770919783658017,-3.1308902507982195,0.0,0.0,0.0,46/54,15.56%,LMNB1;TFRC;EZH2;HELLS;CDK1;MKI67;CENPM;TOP2A;SMC4;KIF22;MCM2;HMGB2;MCM4;CIT;TACC3;PTTG1;PLK1;MYBL2;RRM2;CCNB2;LIG1;TK1;CKS2;CDKN2A;BIRC5;TCF19;POLE;NCAPD2;SPAG5;CDC20;KIF18B;KPNA2;MCM6;DLGAP5;AURKB;CENPE;ESPL1;MELK;HMMR;SPC25;CDCA3;MYC;CDKN2C;ORC6;KIF2C;CDCA8
6,4,anal_pc5_c21_S1.filtered.gene_spectra_score.k_6.dt_0_01.txt,prerank,HALLMARK_G2M_CHECKPOINT,-0.6529623553446067,-2.822479331772531,0.0,0.0,0.0,51/68,17.10%,LMNB1;EZH2;NUSAP1;CDK1;MKI67;TOP2A;SMC4;KIF22;MCM2;TPX2;TROAP;SLC7A1;TACC3;PTTG1;NDC80;PLK1;SLC12A2;MYBL2;PRC1;CCNB2;INCENP;KIF11;CKS2;BIRC5;KIF23;E2F1;ODC1;POLE;CDC20;KPNA2;MCM6;CDC45;CENPF;KIF20B;RAD54L;BUB1;AURKB;SMAD3;CENPE;ESPL1;HMMR;POLQ;FBXO5;MYC;CDKN2C;ORC6;KIF2C;UBE2C;TTK;CCNF;KIF15
6,4,anal_pc5_c21_S1.filtered.gene_spectra_score.k_6.dt_0_01.txt,prerank,HALLMARK_EPITHELIAL_MESENCHYMAL_TRANSITION,0.7904988169542104,2.1743196028032696,0.0,0.0,0.0,83/164,9.84%,COL6A2;COL1A2;COL3A1;COL6A3;DCN;LUM;FBLN1;COL1A1;MMP2;COL5A1;CXCL12;SPARC;FN1;COL5A2;MXRA5;COL16A1;FSTL1;FBN1;PCOLCE;CALD1;THY1;FBLN5;COL4A2;COL4A1;ABI3BP;PDGFRB;TIMP3;PMP22;EDIL3;LAMA2;SFRP1;MYL9;CDH11;GREM1;BGN;VCAM1;LAMC1;LRP1;TPM2;NID2;ACTA2;MGP;NNMT;VCAN;SLIT3;MATN2;TAGLN;IGFBP3;FBLN2;IGFBP4;TFPI2;MYLK;COL12A1;ITGB3;CCN1;ELN;THBS1;CCN2;PRRX1;TGM2;MFAP5;TPM1;SERPINH1;EFEMP2;CXCL1;ITGA5;LOXL2;FLNA;TNC;LOXL1;SGCD;HTRA1;ECM2;VEGFC;RHOB;POSTN;GJA1;MMP14;FGF2;TIMP1;SERPINE2;SPOCK1;FAP
6,4,anal_pc5_c21_S1.filtered.gene_spectra_score.k_6.dt_0_01.txt,prerank,HALLMARK_COAGULATION,0.7545804216303602,2.001557033058691,0.0,0.0,0.0,38/79,14.68%,C1S;A2M;C1R;MMP2;SPARC;FN1;FBN1;CFH;CFD;TIMP3;SERPING1;C3;LRP1;TFPI2;CTSK;ITGB3;THBS1;GSN;VWF;C2;HTRA1;CSRP1;PLAT;F3;PECAM1;CLU;CRIP2;THBD;MMP14;CPQ;TIMP1;F10;RAPGEF3;CFI;MMP11;PRSS23;SERPINE1;CFB
6,4,anal_pc5_c21_S1.filtered.gene_spectra_score.k_6.dt_0_01.txt,prerank,HALLMARK_UV_RESPONSE_DN,0.7440319009953655,1.9678691551804413,0.0,0.0,0.0,37/69,15.04%,COL1A2;COL3A1;COL1A1;COL5A2;FBLN5;PLPP3;EFEMP1;PDGFRB;PMP22;IGFBP5;LAMC1;ADGRL2;RBPMS;ITGB3;CCN1;LTBP1;PTGFR;DLC1;CAV1;KALRN;LPAR1;F3;PTPRM;FHL2;GJA1;NRP1;HAS2;PRKAR2B;TGFBR2;TFPI;SDC2;SNAI2;TGFBR3;DUSP1;COL11A1;SERPINE1;TJP1
6,4,anal_pc5_c21_S1.filtered.gene_spectra_score.k_6.dt_0_01.txt,prerank,HALLMARK_MYOGENESIS,0.7212175254716485,1.9463751164022856,0.0,0.00018343687325734972,0.001,44/112,12.86%,COL6A2;COL3A1;COL6A3;COL1A1;SPARC;AEBP1;IGFBP7;COL4A2;CFD;COL15A1;LAMA2;TPM2;SOD3;TAGLN;IGFBP3;GPX3;MYLK;FHL1;PDLIM7;GSN;SMTN;HSPB8;CACNA1H;DES;SORBS1;SGCD;CLU;COX7A1;CNN3;ITGA7;KIFC3;BDKRB2;DTNA;LDB3;FGF2;APLNR;SPEG;PTGIS;APOD;GNAO1;MYH11;GJA5;NCAM1;PPP1R3C
6,4,anal_pc5_c21_S1.filtered.gene_spectra_score.k_6.dt_0_01.txt,prerank,HALLMARK_PI3K_AKT_MTOR_SIGNALING,-0.5225959168313592,-1.8739177477213054,0.0,0.00149860843502462,0.0010582010582010583,18/32,26.28%,IL2RG;CDK1;SLC2A1;SLA;VAV3;PRKCB;LCK;E2F1;CXCR4;PDK1;DAPP1;TIAM1;CDKN1A;MKNK2;CAMK4;HSP90B1;ITPR2;FASLG
6,4,anal_pc5_c21_S1.filtered.gene_spectra_score.k_6.dt_0_01.txt,prerank,HALLMARK_ADIPOGENESIS,0.6932363944456512,1.7919994692862637,0.0,0.0004402484958176393,0.003,22/51,15.48%,LAMA4;ITIH5;COL15A1;COL4A1;C3;PHLDB1;APOE;GPX3;SPARCL1;MYLK;LIFR;FZD4;HSPB8;SORBS1;ITGA7;CAVIN1;ENPP2;ANGPTL4;ABCA1;SNCG;CAVIN2;OMD
6,4,anal_pc5_c21_S1.filtered.gene_spectra_score.k_6.dt_0_01.txt,prerank,HALLMARK_MITOTIC_SPINDLE,-0.3990407724235214,-1.7662337456020984,0.0,0.010115606936416185,0.009523809523809525,42/77,19.92%,ARHGAP4;LMNB1;DOCK2;NUSAP1;CDK1;TOP2A;SMC4;ECT2;KIF22;CEP72;CNTRL;TPX2;ARHGAP27;NDC80;ANLN;PLK1;PRC1;CCNB2;INCENP;KIF11;BIRC5;KIF23;KNTC1;EPB41;CENPF;RAPGEF6;KIF20B;BUB1;DLGAP5;CENPE;ESPL1;BCL2L11;FBXO5;KIF2C;TTK;KIF15;ARHGEF2;CEP250;TUBA4A;RHOF;PREX1;TIAM1
6,4,anal_pc5_c21_S1.filtered.gene_spectra_score.k_6.dt_0_01.txt,prerank,HALLMARK_ANGIOGENESIS,0.7347650533616673,1.762228938299766,0.0,0.0006114562441911656,0.005,15/29,17.48%,COL3A1;LUM;COL5A2;FSTL1;VCAN;SLCO2A1;POSTN;THBD;TIMP1;NRP1;FGFR1;CXCL6;STC1;S100A4;JAG1
6,4,anal_pc5_c21_S1.filtered.gene_spectra_score.k_6.dt_0_01.txt,prerank,HALLMARK_P53_PATHWAY,-0.39098238355885595,-1.7293771955474029,0.0,0.015285806037251123,0.01798941798941799,39/89,25.44%,GPX2;DGKA;TP63;ABCC5;DEF6;CLCA2;SAT1;SERPINB5;IFI30;KRT17;EPS8L2;AK1;FUCA1;TRAF4;BTG2;SLC7A11;CDKN2A;CYFIP2;NUPR1;GM2A;CTSD;TOB1;DDIT4;ITGB4;EPHA2;HSPA4L;CDKN2B;RNF19B;MXD1;CDKN1A;KLF4;MDM2;MKNK2;CCND3;HEXIM1;KIF13B;CEBPA;MAPKAPK3;HMOX1
6,4,anal_pc5_c21_S1.filtered.gene_spectra_score.k_6.dt_0_01.txt,prerank,HALLMARK_MTORC1_SIGNALING,-0.42565928397204117,-1.674942418969794,0.0,0.02023121387283237,0.02857142857142857,46/72,27.24%,CORO1A;TFRC;GCLC;TXNRD1;IFI30;SLC2A1;MCM2;MCM4;ITGB2;BTG2;PLK1;SLA;SLC7A11;PHGDH;RRM2;NUPR1;HMGCR;HK2;BUB1;CXCR4;DDIT4;PDK1;DAPP1;ERO1A;CCNF;XBP1;ELOVL5;TUBA4A;SCD;SLC6A6;CDKN1A;SLC1A4;PNP;PSAT1;LTA4H;AURKA;SLC7A5;ME1;HMGCS1;SDF2L1;INSIG1;HSP90B1;CFP;LDLR;TM7SF2;LGMN
6,4,anal_pc5_c21_S1.filtered.gene_spectra_score.k_6.dt_0_01.txt,prerank,HALLMARK_APICAL_JUNCTION,0.5925437146628783,1.6121059029392353,0.001017293997965412,0.008280864564188929,0.074,30/101,12.10%,MMP2;COL16A1;FBN1;THY1;MYL9;CDH11;VCAM1;VCAN;NFASC;NEGR1;CERCAM;TSPAN4;NLGN2;ACTG2;EPB41L2;SDC3;CLDN5;JAM3;CD34;VWF;CADM3;FLNC;ITGA9;NEXN;PECAM1;CLDN11;SHC1;SPEG;ADAMTS5;CX3CL1
6,4,anal_pc5_c21_S1.filtered.gene_spectra_score.k_6.dt_0_01.txt,prerank,HALLMARK_APOPTOSIS,0.5595506502658136,1.4968247485404507,0.0030706243602865915,0.037421122144499344,0.33,18/79,11.72%,DCN;LUM;MMP2;PDGFRB;TIMP3;TIMP2;BGN;GPX3;GSN;CAV1;IGFBP6;HGF;PLAT;CLU;RHOB;TIMP1;IFITM3;PLPPR4
6,4,anal_pc5_c21_S1.filtered.gene_spectra_score.k_6.dt_0_01.txt,prerank,HALLMARK_DNA_REPAIR,-0.48137912043155473,-1.4922066968584164,0.05434782608695652,0.06679511881824021,0.1037037037037037,9/22,20.96%,ZWINT;TYMS;AK1;HCLS1;LIG1;ARL6IP1;POLA1;PNP;VPS37B
6,4,anal_pc5_c21_S1.filtered.gene_spectra_score.k_6.dt_0_01.txt,prerank,HALLMARK_ALLOGRAFT_REJECTION,-0.3257220923219324,-1.4790906164621171,0.0,0.06125561978163135,0.10582010582010581,67/121,26.44%,ITGAL;CD74;IL2RG;PTPN6;LTB;CD2;FYB1;CTSS;PTPRC;CD96;ITGB2;ZAP70;HCLS1;MAP4K1;ST8SIA4;CD79A;IL16;CAPG;CD3E;NCF4;SPI1;PRKCB;CD3D;CDKN2A;LCK;LCP2;CD4;ITK;SRGN;IRF8;CCL5;IL2RB;WAS;CD28;CD8A;CD247;IL12RB1;LY75;CD7;SIT1;CCR5;CD3G;STAT4;STAB1;IRF4;GZMA;TLR2;GPR65;TLR6;TLR1;PRF1;CD86;LY86;IL2RA;NOS2;CD40LG;CXCR3;CCND3;TRAT1;STAT1;LYN;IL27RA;CD80;CD1D;FASLG;CFP;FGR
6,4,anal_pc5_c21_S1.filtered.gene_spectra_score.k_6.dt_0_01.txt,prerank,HALLMARK_COMPLEMENT,0.5376989218736752,1.4528763759442653,0.005055611729019211,0.06114562441911657,0.517,22/122,10.40%,C1S;C1R;FN1;CFH;COL4A2;SERPING1;C3;TIMP2;CP;LRP1;TFPI2;CXCL1;C2;CSRP1;PLAT;F3;CLU;CTSC;MMP14;CPQ;TIMP1;F10
6,4,anal_pc5_c21_S1.filtered.gene_spectra_score.k_6.dt_0_01.txt,prerank,HALLMARK_PEROXISOME,-0.400454744373338,-1.3891514288374613,0.06338028169014084,0.09591093984157567,0.17777777777777778,15/32,28.44%,ABCC5;HSD11B2;ACSL5;TOP2A;ALDH1A1;HSD17B11;DHRS3;CEL;ELOVL5;NR1I2;FDPS;ACOX1;ACSL1;ABCD2;CRABP2
6,4,anal_pc5_c21_S1.filtered.gene_spectra_score.k_6.dt_0_01.txt,prerank,HALLMARK_HYPOXIA,0.5132141096034729,1.3888154230530738,0.014155712841253791,0.11079587144743921,0.769,31/111,17.46%,DCN;COL5A1;BGN;CP;IGFBP3;FOS;CCN1;CCN2;TGM2;SRPX;SDC3;CAV1;F3;CAVIN3;PAM;AKAP12;CAVIN1;DTNA;LOX;CCN5;SDC2;ANGPTL4;PPP1R3C;DUSP1;SERPINE1;PGF;P4HA2;STC1;S100A4;PPP1R15A;TMEM45A
6,4,anal_pc5_c21_S1.filtered.gene_spectra_score.k_6.dt_0_01.txt,prerank,HALLMARK_FATTY_ACID_METABOLISM,-0.37173583466093646,-1.365606199732992,0.046511627906976744,0.09800899165061015,0.2021164021164021,25/44,30.44%,ALDH3A1;ACSL5;CA2;MAOA;UGDH;ALDH1A1;FASN;ODC1;GLUL;HSD17B11;CEL;ACSS1;ELOVL5;HSPH1;CA4;ACAT2;ME1;HMGCS1;ACOX1;CD1D;ACSL1;MGLL;HPGD;ACAA2;EPHX1
6,4,anal_pc5_c21_S1.filtered.gene_spectra_score.k_6.dt_0_01.txt,prerank,HALLMARK_HEDGEHOG_SIGNALING,0.6186629441172738,1.3476423399624937,0.10519480519480519,0.15041823607102678,0.872,6/17,14.56%,THY1;UNC5C;DPYSL2;NRP1;NRP2;L1CAM
6,4,anal_pc5_c21_S1.filtered.gene_spectra_score.k_6.dt_0_01.txt,prerank,HALLMARK_KRAS_SIGNALING_UP,0.4690267570605482,1.2659866210835422,0.06646525679758308,0.28787359976520077,0.986,35/131,14.98%,ADAMDEC1;CFH;ADGRA2;ENG;IGFBP3;SPARCL1;PRRX1;GNG11;TMEM176B;PLVAP;ALDH1A3;IL33;PLAT;PECAM1;TMEM100;AKAP12;TMEM158;ADGRL4;TMEM176A;NRP1;GFPT2;ITGBL1;TFPI;APOD;SPON1;FLT4;HSD11B1;INHBA;ANGPTL4;ANO1;GUCY1A1;RELN;MMP11;CFB;PTGS2
6,4,anal_pc5_c21_S1.filtered.gene_spectra_score.k_6.dt_0_01.txt,prerank,HALLMARK_TGF_BETA_SIGNALING,0.5197097203709067,1.2081890868444036,0.23114355231143552,0.40830225881343624,0.998,8/24,19.42%,LTBP2;ENG;THBS1;SMAD6;SERPINE1;TJP1;PPP1R15A;PMEPA1
6,4,anal_pc5_c21_S1.filtered.gene_spectra_score.k_6.dt_0_01.txt,prerank,HALLMARK_REACTIVE_OXYGEN_SPECIES_PATHWAY,-0.39441253845831625,-1.1913145432341319,0.21287128712871287,0.21539090325217494,0.41798941798941797,5/19,5.20%,GCLC;TXNRD1;NQO1;FTL;MGST1
6,4,anal_pc5_c21_S1.filtered.gene_spectra_score.k_6.dt_0_01.txt,prerank,HALLMARK_CHOLESTEROL_HOMEOSTASIS,-0.3304783247230122,-1.1762999101080072,0.16071428571428573,0.21355170199100837,0.4455026455026455,21/35,33.18%,ALCAM;LGALS3;MAL2;FASN;HMGCR;SCD;ACAT2;FDPS;HMGCS1;MVK;ABCA2;LDLR;TM7SF2;LGMN;STARD4;TP53INP1;MVD;FABP5;NFIL3;CXCL16;FADS2
6,4,anal_pc5_c21_S1.filtered.gene_spectra_score.k_6.dt_0_01.txt,prerank,HALLMARK_XENOBIOTIC_METABOLISM,0.42500795149706483,1.149280494681624,0.2446043165467626,0.5469563455182004,1.0,18/80,17.70%,FBLN1;PTGDS;APOE;IGFBP4;TMEM176B;SLC12A4;IL1R1;ATOH8;F10;AOX1;HSD11B1;PTGES;TPST1;SERPINE1;CFB;PDK4;CDO1;TDO2
6,4,anal_pc5_c21_S1.filtered.gene_spectra_score.k_6.dt_0_01.txt,prerank,HALLMARK_HEME_METABOLISM,-0.2822935813698989,-1.1456679333948798,0.16981132075471697,0.2362037448742651,0.5132275132275133,21/55,23.60%,UCP2;TFRC;GCLC;SLC2A1;CTSB;CA2;SELENBP1;BTG2;SLC7A11;AQP3;KLF3;EPB41;TENT5C;PDZK1IP1;ACP5;SLC6A8;KDM7A;CCND3;BMP2K;LPIN2;DMTN
6,4,anal_pc5_c21_S1.filtered.gene_spectra_score.k_6.dt_0_01.txt,prerank,HALLMARK_IL6_JAK_STAT3_SIGNALING,0.4407053550451847,1.1341211276142988,0.3008385744234801,0.5579415936995549,1.0,9/53,12.72%,A2M;OSMR;ITGB3;CSF1;CXCL1;IL1R1;LEPR;IL3RA;SOCS3
6,4,anal_pc5_c21_S1.filtered.gene_spectra_score.k_6.dt_0_01.txt,prerank,HALLMARK_GLYCOLYSIS,0.42517218950471486,1.1333075517565363,0.2762605042016807,0.5253173457907353,1.0,13/67,16.60%,DCN;COL5A1;VCAN;IGFBP3;SDC3;CACNA1H;PAM;SDC2;ANGPTL4;TPST1;P4HA2;PLOD2;STC1
6,4,anal_pc5_c21_S1.filtered.gene_spectra_score.k_6.dt_0_01.txt,prerank,HALLMARK_TNFA_SIGNALING_VIA_NFKB,0.40531127380389864,1.1059048554861175,0.2732732732732733,0.568438499011599,1.0,40/150,21.78%,PLPP3;CSF1;FOS;CCN1;EGR1;CCL2;CXCL1;TNC;PER1;F3;RHOB;MSC;DRAM1;GFPT2;TNFAIP6;INHBA;PLK2;GEM;FOSB;SOCS3;ABCA1;PHLDA1;KLF2;DUSP1;SERPINE1;PTX3;PTGS2;CXCL6;G0S2;KLF9;PPP1R15A;JAG1;PMEPA1;FJX1;PLAU;VEGFA;JUN;ZFP36;ICAM1;NR4A1
6,4,anal_pc5_c21_S1.filtered.gene_spectra_score.k_6.dt_0_01.txt,prerank,HALLMARK_BILE_ACID_METABOLISM,0.4379988424893353,1.0862290261564052,0.3784994400895857,0.5886285444080289,1.0,6/37,8.76%,ABCA8;ABCA6;CH25H;CYP7B1;ABCA9;HSD17B6
6,4,anal_pc5_c21_S1.filtered.gene_spectra_score.k_6.dt_0_01.txt,prerank,HALLMARK_INFLAMMATORY_RESPONSE,0.3432841131675611,0.9295094256272346,0.6636546184738956,0.986156630631512,1.0,25/141,15.30%,OSMR;ITGB3;CSF1;CCL2;ITGA5;LPAR1;PCDH7;IL1R1;F3;AXL;MMP14;TIMP1;APLNR;CALCRL;GABBR1;HAS2;TNFAIP6;PDPN;INHBA;CX3CL1;ABCA1;BEST1;SERPINE1;PTGER2;CXCL6
6,4,anal_pc5_c21_S1.filtered.gene_spectra_score.k_6.dt_0_01.txt,prerank,HALLMARK_INTERFERON_GAMMA_RESPONSE,0.3370327298484586,0.9082802031769724,0.684903748733536,0.986927065499193,1.0,6/111,3.64%,C1S;C1R;CFH;SERPING1;VCAM1;CCL2
6,4,anal_pc5_c21_S1.filtered.gene_spectra_score.k_6.dt_0_01.txt,prerank,HALLMARK_APICAL_SURFACE,0.36669347165870597,0.8792767858625294,0.6479041916167665,1.0,1.0,4/27,12.10%,THY1;SRPX;SCUBE1;CX3CL1
6,4,anal_pc5_c21_S1.filtered.gene_spectra_score.k_6.dt_0_01.txt,prerank,HALLMARK_SPERMATOGENESIS,-0.2471873392280556,-0.873265991278404,0.7521367521367521,0.710019267822736,0.926984126984127,14/36,26.62%,EZH2;CDK1;GSTM3;SLC12A2;CCNB2;BUB1;KIF2C;TTK;HSPA4L;AURKA;CAMK4;NEK2;LPIN1;GFI1
6,4,anal_pc5_c21_S1.filtered.gene_spectra_score.k_6.dt_0_01.txt,prerank,HALLMARK_ANDROGEN_RESPONSE,0.33677657201634276,0.8481642384283294,0.7043189368770764,1.0,1.0,7/41,13.46%,ADAMTS1;PLPP1;LIFR;ALDH1A3;AKAP12;ABCC4;GUCY1A1
6,4,anal_pc5_c21_S1.filtered.gene_spectra_score.k_6.dt_0_01.txt,prerank,HALLMARK_INTERFERON_ALPHA_RESPONSE,0.3179972289497061,0.8060695621326791,0.7804347826086957,1.0,1.0,2/50,3.26%,C1S;CSF1
6,4,anal_pc5_c21_S1.filtered.gene_spectra_score.k_6.dt_0_01.txt,prerank,HALLMARK_ESTROGEN_RESPONSE_EARLY,0.29227374039115983,0.7834706763089561,0.8722334004024145,1.0,1.0,18/118,13.10%,CXCL12;OLFML3;IGFBP4;FOS;TGM2;DLC1;HSPB8;GFRA1;FHL2;GJA1;PDLIM3;PODXL;SLC24A3;PGR;NBL1;CCN5;PTGES;OLFM1
6,4,anal_pc5_c21_S1.filtered.gene_spectra_score.k_6.dt_0_01.txt,prerank,HALLMARK_UV_RESPONSE_UP,0.29795323459271944,0.7755866198681196,0.8363252375923971,1.0,1.0,10/66,13.10%,GPX3;FOS;DLG4;HYAL2;RHOB;PDLIM3;MMP14;NTRK3;FOSB;OLFM1
6,4,anal_pc5_c21_S1.filtered.gene_spectra_score.k_6.dt_0_01.txt,prerank,HALLMARK_WNT_BETA_CATENIN_SIGNALING,0.3583259076518972,0.7702009148484251,0.7837837837837838,0.9714534597134998,1.0,3/15,17.48%,NKD1;DLL1;JAG1
6,4,anal_pc5_c21_S1.filtered.gene_spectra_score.k_6.dt_0_01.txt,prerank,HALLMARK_IL2_STAT5_SIGNALING,0.26095433900539555,0.7063049539601822,0.9315206445115811,1.0,1.0,18/127,16.82%,COL6A1;ITIH5;PLPP1;CSF1;TGM2;SHE;RHOB;NRP1;IFITM3;IL3RA;PTH1R;PLAGL1;SPRY4;PHLDA1;PTGER2;SMPDL3A;SELP;AHR
6,4,anal_pc5_c21_S1.filtered.gene_spectra_score.k_6.dt_0_01.txt,prerank,HALLMARK_ESTROGEN_RESPONSE_LATE,0.25251864218755704,0.674191503668427,0.9501018329938901,0.9896419312234016,1.0,15/106,13.10%,CXCL12;IGFBP4;TFPI2;FOS;HSPB8;CAV1;PDLIM3;SLC24A3;PRKAR2B;PGR;NBL1;CCN5;PTGES;CXCL14;OLFM1
6,4,anal_pc5_c21_S1.filtered.gene_spectra_score.k_6.dt_0_01.txt,prerank,HALLMARK_UNFOLDED_PROTEIN_RESPONSE,0.23664334653272792,0.5514548914621736,0.9567827130852341,1.0,1.0,7/23,25.16%,CCL2;SHC1;TSPYL2;VEGFA;CEBPB;TUBB2A;IFIT1
6,4,anal_pc5_c21_S1.filtered.gene_spectra_score.k_6.dt_0_01.txt,prerank,HALLMARK_KRAS_SIGNALING_DN,0.18565379160935344,0.4940714405494369,0.996938775510204,0.9944724355525119,1.0,8/78,15.64%,PTGFR;ZBTB16;RGS11;SYNPO;CLSTN3;KCNMB1;RYR2;SOX10
6,5,anal_pc5_c21_S1.filtered.gene_spectra_score.k_6.dt_0_01.txt,prerank,HALLMARK_E2F_TARGETS,-0.5843695334414807,-2.235410385073674,0.0,0.0,0.0,45/54,35.80%,HELLS;SMC4;EZH2;KIF22;LIG1;MCM4;CENPM;NCAPD2;POLE;MCM2;MYC;PTTG1;CDC25B;TK1;CDK1;TOP2A;TFRC;CIT;MCM6;KIF2C;DLGAP5;MYBL2;KIF18B;TCF19;LMNB1;CDKN2A;MKI67;AURKB;HMGB2;CCNB2;CDKN2C;TACC3;BIRC5;RRM2;ANP32E;DEPDC1;CKS2;SPC25;MELK;ESPL1;CENPE;SPAG5;CDCA3;KIF4A;PLK1
6,5,anal_pc5_c21_S1.filtered.gene_spectra_score.k_6.dt_0_01.txt,prerank,HALLMARK_G2M_CHECKPOINT,-0.5190801529483731,-2.036308702121448,0.0,0.0,0.0,53/68,38.16%,SMAD3;SMC4;EZH2;SLC12A2;MEIS1;KIF22;ODC1;NUSAP1;SLC7A1;POLE;MCM2;MYC;PTTG1;CDC25B;CDK1;TOP2A;PRC1;E2F1;TPX2;TROAP;KIF23;MCM6;KIF2C;RAD54L;MYBL2;UBE2C;LMNB1;MKI67;AURKB;CENPF;CCNB2;CDKN2C;TACC3;NDC80;BIRC5;KIF15;CKS2;CCNF;FANCC;ESPL1;MT2A;KIF11;CENPE;FBXO5;SLC7A5;NEK2;KIF4A;CDC45;PLK1;INCENP;BUB1;HMMR;KIF20B
6,5,anal_pc5_c21_S1.filtered.gene_spectra_score.k_6.dt_0_01.txt,prerank,HALLMARK_INFLAMMATORY_RESPONSE,0.6994119378154067,1.7377896474642662,0.0,0.003087034455287791,0.004,61/141,14.12%,STAB1;CD14;CYBB;CMKLR1;C3AR1;CCL24;TLR2;ABCA1;CSF3R;AXL;MSR1;MEFV;FPR1;ICAM1;RGS1;CLEC5A;PTAFR;SCARF1;PTPRE;NLRP3;BEST1;MMP14;C5AR1;EBI3;MARCO;IL1B;OLR1;CXCL9;PIK3R5;AHR;TLR1;IL18;SLC31A2;GPR132;LYN;LAMP3;TNFRSF1B;IL10RA;ADGRE1;PLAUR;P2RX7;AQP9;SCN1B;CD40;CXCL10;IL10;RNF144B;NOD2;GPR183;CCL2;CCL22;PROK2;CXCL8;TIMP1;PTGIR;NFKBIA;CHST2;EMP3;IL6;ITGA5;FFAR2
6,5,anal_pc5_c21_S1.filtered.gene_spectra_score.k_6.dt_0_01.txt,prerank,HALLMARK_IL6_JAK_STAT3_SIGNALING,0.7270551136290194,1.7209179400395387,0.0,0.003087034455287791,0.008,25/53,15.08%,CD14;CSF2RA;CD36;TLR2;CSF3R;HMOX1;EBI3;CSF2RB;CCR1;IL1B;CXCL9;PIK3R5;TNFRSF21;PDGFC;TNFRSF1B;ITGA4;IL17RA;CXCL10;IL3RA;MAP3K8;CRLF2;A2M;IL6;CXCL1;SOCS3
6,5,anal_pc5_c21_S1.filtered.gene_spectra_score.k_6.dt_0_01.txt,prerank,HALLMARK_ESTROGEN_RESPONSE_EARLY,-0.39932352713013125,-1.7198702916791744,0.0,0.028270702853166317,0.02553626149131767,41/118,16.38%,KRT8;ELF3;RASGRP1;LRIG1;SCNN1A;BCL11B;RAPGEFL1;NBL1;AKAP1;KRT19;KRT15;CLDN7;CA12;ESRP2;TOB1;FCMR;BCL2;HES1;TFF3;HR;MUC1;MLPH;TJP3;SLC26A2;KLF4;AQP3;XBP1;SLC2A1;OVOL2;MYB;FHL2;MYC;FLNB;MAST4;SVIL;MYBL1;NAV2;FARP1;FASN;GJA1;CELSR1
6,5,anal_pc5_c21_S1.filtered.gene_spectra_score.k_6.dt_0_01.txt,prerank,HALLMARK_COMPLEMENT,0.6874130306558778,1.6977677149930561,0.0,0.0036015401978357563,0.014,39/122,10.86%,C1QC;C1QA;LGMN;PLA2G7;FCER1G;CD36;CTSB;LIPA;MMP12;CTSL;CTSH;CTSD;CTSC;ITGAM;CTSS;DOCK4;PRSS36;DUSP6;PLEK;C2;SH2B3;PDGFB;MMP14;OLR1;PIK3R5;CEBPB;GCA;PRKCD;TIMP2;LAP3;APOC1;LYN;KYNU;PLAUR;JAK2;WAS;TNFAIP3;DOCK10;ME1
6,5,anal_pc5_c21_S1.filtered.gene_spectra_score.k_6.dt_0_01.txt,prerank,HALLMARK_KRAS_SIGNALING_UP,0.670443423666489,1.659472253689508,0.0,0.005981129257120096,0.031,36/131,10.54%,FUCA1;F13A1;FCER1G;CSF2RA;NRP1;GPNMB;MAFB;CMKLR1;C3AR1;MMP9;IRF8;EPB41L3;CTSS;LAPTM5;SPP1;ITGB2;ENG;DUSP6;TMEM176B;ETV5;LAT2;LY96;LCP1;IL1B;PLAU;CLEC4A;PECAM1;PTGS2;TMEM176A;TNFRSF1B;IL10RA;PLAUR;SCN1B;TNFAIP3;CXCL10;DOCK2
6,5,anal_pc5_c21_S1.filtered.gene_spectra_score.k_6.dt_0_01.txt,prerank,HALLMARK_COAGULATION,0.6458316498845174,1.5794266377786845,0.004166666666666667,0.024387572196773556,0.147,16/79,8.52%,C1QA;LGMN;CTSB;MMP9;CTSH;DUSP6;PLEK;C2;APOC2;PDGFB;MMP14;OLR1;PLAU;PECAM1;APOC1;THBD
6,5,anal_pc5_c21_S1.filtered.gene_spectra_score.k_6.dt_0_01.txt,prerank,HALLMARK_ALLOGRAFT_REJECTION,0.5894271322974188,1.464539004925528,0.003048780487804878,0.10843208524198368,0.559,40/121,12.28%,STAB1;CD74;SPI1;NCF4;IGSF6;TLR2;MMP9;CD4;IRF8;CFP;CTSS;ICAM1;ITGB2;SRGN;CD86;FGR;C2;NLRP3;CCR1;IL1B;CXCL9;CAPG;FCGR2B;HCLS1;BCAT1;TLR1;IL18;CD80;LYN;LY86;JAK2;TLR6;WAS;CD40;IL10;CCL2;CCL22;CCR2;TIMP1;CD1D
6,5,anal_pc5_c21_S1.filtered.gene_spectra_score.k_6.dt_0_01.txt,prerank,HALLMARK_INTERFERON_GAMMA_RESPONSE,0.5813752631247717,1.435224355411467,0.01017293997965412,0.12910419096935727,0.666,36/111,15.12%,FGL2;IFI30;CD74;CMKLR1;IRF8;TNFAIP2;SAMHD1;FPR1;CIITA;ICAM1;CD86;CSF2RB;CXCL9;SECTM1;IL18BP;LAP3;PTGS2;IL10RA;IDO1;JAK2;TNFAIP3;CD40;CXCL10;SLAMF7;ITGB7;CD274;CCL2;SOD2;NFKBIA;IL6;PTPN6;SAMD9L;ST8SIA4;ST3GAL5;SOCS3;SERPING1
6,5,anal_pc5_c21_S1.filtered.gene_spectra_score.k_6.dt_0_01.txt,prerank,HALLMARK_ESTROGEN_RESPONSE_LATE,-0.32621147064139333,-1.4093475471305352,0.0,0.19591597077244258,0.20633299284984677,31/106,15.50%,SCNN1A;CXCL14;PLXNB1;LLGL2;RAPGEFL1;NBL1;CDH1;CKB;AGR2;KRT19;CA12;TOB1;BCL2;ISG20;ASS1;MDK;TFF3;HR;TJP3;SLC26A2;KLF4;XBP1;OVOL2;MYB;UGDH;CA2;FLNB;FGFR3;TSPAN13;TOP2A;FARP1
6,5,anal_pc5_c21_S1.filtered.gene_spectra_score.k_6.dt_0_01.txt,prerank,HALLMARK_WNT_BETA_CATENIN_SIGNALING,-0.5352620642334126,-1.4080129053013335,0.09830508474576272,0.15741127348643005,0.20735444330949948,7/15,16.42%,TCF7;CCND2;JAG1;MYC;DLL1;CSNK1E;LEF1
6,5,anal_pc5_c21_S1.filtered.gene_spectra_score.k_6.dt_0_01.txt,prerank,HALLMARK_TNFA_SIGNALING_VIA_NFKB,0.5594646310389921,1.3851548325877658,0.014141414141414142,0.19004555865365466,0.841,49/150,15.66%,SAT1;TLR2;ABCA1;TNFAIP2;ICAM1;NINJ1;PLEK;PTPRE;FOS;DUSP1;IL1B;OLR1;PLAU;CEBPB;SGK1;IL18;NFKBIE;DRAM1;PTGS2;CD80;ZFP36;KYNU;PLAUR;CD83;EGR2;RNF19B;LITAF;TNFAIP3;CXCL10;GPR183;MAP3K8;SLC2A6;CCL2;SOD2;BCL2A1;PFKFB3;PPP1R15A;NFKBIA;FOSB;IL6;TRIB1;CCND1;IER3;CXCL1;IL1A;GADD45B;SOCS3;CXCL2;DUSP5
6,5,anal_pc5_c21_S1.filtered.gene_spectra_score.k_6.dt_0_01.txt,prerank,HALLMARK_MTORC1_SIGNALING,0.5526633322146237,1.323598900493349,0.07886435331230283,0.2961838057934453,0.939,6/72,3.42%,FGL2;IFI30;LGMN;CFP;CTSC;ITGB2
6,5,anal_pc5_c21_S1.filtered.gene_spectra_score.k_6.dt_0_01.txt,prerank,HALLMARK_HEDGEHOG_SIGNALING,0.6468039673836004,1.2989717664590927,0.15112994350282485,0.32382991435968933,0.971,3/17,3.48%,NRP1;RTN1;NRP2
6,5,anal_pc5_c21_S1.filtered.gene_spectra_score.k_6.dt_0_01.txt,prerank,HALLMARK_INTERFERON_ALPHA_RESPONSE,0.5379338541443058,1.2873000407926314,0.1450719822812846,0.32154270246781697,0.98,21/50,21.94%,IFI30;CD74;LPAR6;LAP3;LAMP3;CXCL10;SAMD9L;TENT5A;EPSTI1;PARP14;IFITM2;CMPK2;GMPR;GBP4;TRIM14;IFIT3;IFI44L;IRF7;CCRL2;IFIH1;CXCL11
6,5,anal_pc5_c21_S1.filtered.gene_spectra_score.k_6.dt_0_01.txt,prerank,HALLMARK_ADIPOGENESIS,0.5464178146095506,1.2623220568657625,0.1524122807017544,0.3564238531501029,0.992,13/51,15.72%,CD36;ABCA1;APOE;ENPP2;SCARB1;NABP1;LTC4S;ME1;PFKFB3;ITSN1;UCP2;PLIN2;LPL
6,5,anal_pc5_c21_S1.filtered.gene_spectra_score.k_6.dt_0_01.txt,prerank,HALLMARK_ANGIOGENESIS,0.5384234152470612,1.2067658402699717,0.24727272727272728,0.47902463499456127,0.999,8/29,12.26%,NRP1;SPP1;OLR1;TNFRSF21;THBD;VCAN;S100A4;TIMP1
6,5,anal_pc5_c21_S1.filtered.gene_spectra_score.k_6.dt_0_01.txt,prerank,HALLMARK_XENOBIOTIC_METABOLISM,0.4973037185390541,1.1956657922162615,0.20824742268041238,0.4768365721114177,0.999,11/80,9.72%,CD36;HMOX1;IRF8;APOE;PDK4;NINJ1;TMEM176B;IGF1;BCAT1;KYNU;AQP9
6,5,anal_pc5_c21_S1.filtered.gene_spectra_score.k_6.dt_0_01.txt,prerank,HALLMARK_UV_RESPONSE_UP,0.4727793285217297,1.129233812052725,0.30564430244941426,0.6390675828188276,1.0,15/66,13.84%,HMOX1;ICAM1;ARRB2;CREG1;FOS;MMP14;PPT1;PRKCD;LYN;DLG4;BID;SOD2;NFKBIA;FOSB;IL6
6,5,anal_pc5_c21_S1.filtered.gene_spectra_score.k_6.dt_0_01.txt,prerank,HALLMARK_MITOTIC_SPINDLE,-0.2644258659692473,-1.1191147452911199,0.275,0.5784185803757828,0.6486210418794689,37/77,27.04%,DST;CEP72;SMC4;RAPGEF6;KIF22;NUSAP1;FLNA;PALLD;MID1;TUBA4A;CEP250;BCAR1;EPB41;FLNB;CDK1;TOP2A;CNTRL;FARP1;PRC1;TPX2;KIF23;ECT2;KIF2C;DLGAP5;NEDD9;KNTC1;CDC42EP4;LMNB1;ANLN;WASL;CENPF;CCNB2;BIN1;NDC80;BIRC5;RAPGEF5;KIF15
6,5,anal_pc5_c21_S1.filtered.gene_spectra_score.k_6.dt_0_01.txt,prerank,HALLMARK_P53_PATHWAY,0.4596656706189299,1.1147053254861965,0.3172978505629478,0.6418619921330413,1.0,17/89,13.24%,IFI30;FUCA1;SAT1;HMOX1;CTSD;GM2A;NINJ1;PTPRE;FOS;RAP2B;DRAM1;RNF19B;S100A4;TCN2;ALOX15B;PPP1R15A;CEBPA
6,5,anal_pc5_c21_S1.filtered.gene_spectra_score.k_6.dt_0_01.txt,prerank,HALLMARK_APICAL_SURFACE,-0.3513268984008609,-1.0999931526670428,0.31016042780748665,0.5398896510587534,0.6802860061287027,9/27,16.22%,IL2RB;IL2RG;CROCC;ATP8B1;GSTM3;AKAP7;GATA3;THY1;EPHB4
6,5,anal_pc5_c21_S1.filtered.gene_spectra_score.k_6.dt_0_01.txt,prerank,HALLMARK_IL2_STAT5_SIGNALING,0.433075798225468,1.0783703627121468,0.35431472081218274,0.705705155991893,1.0,22/127,12.82%,FGL2;CTSZ;NRP1;IRF8;SPP1;CD86;SHE;BATF3;TLR7;AHR;CAPG;TNFRSF21;ADAM19;TNFRSF1B;IL10RA;CD83;CXCL10;IL10;IL3RA;MAP3K8;IL1RL1;ENPP1
6,5,anal_pc5_c21_S1.filtered.gene_spectra_score.k_6.dt_0_01.txt,prerank,HALLMARK_APOPTOSIS,0.4408562590909687,1.0702313682865712,0.3854166666666667,0.6884086835291774,1.0,18/79,14.94%,CD14;SAT1;HMOX1;PLCB2;PPT1;IL1B;IL18;TIMP2;BID;SOD2;TIMP1;DPYD;IL6;CCND1;IER3;IL1A;GADD45B;HGF
6,5,anal_pc5_c21_S1.filtered.gene_spectra_score.k_6.dt_0_01.txt,prerank,HALLMARK_APICAL_JUNCTION,0.4225503536994327,1.0489827948195902,0.4131551901336074,0.7052655164100252,1.0,17/101,12.90%,CD209;SIRPA;MMP9;TGFBI;ICAM1;ITGA9;CD86;TSPAN4;SDC3;PECAM1;VCAN;FSCN1;CD274;ALOX15B;ICAM5;NRXN2;CD276
6,5,anal_pc5_c21_S1.filtered.gene_spectra_score.k_6.dt_0_01.txt,prerank,HALLMARK_ANDROGEN_RESPONSE,0.45354428309795247,1.0372200786832788,0.4654586636466591,0.7000236506671977,1.0,6/41,8.84%,SAT1;SELENOP;MERTK;MAF;SGK1;ABCC4
6,5,anal_pc5_c21_S1.filtered.gene_spectra_score.k_6.dt_0_01.txt,prerank,HALLMARK_HEME_METABOLISM,0.438257010996475,1.0311309268778717,0.4645161290322581,0.6818303601065999,1.0,14/55,17.64%,CTSB;ACP5;MPP1;BMP2K;LMO2;NFE2;BLVRB;AGPAT4;UCP2;KDM7A;ACKR1;SEC14L1;SNCA;SMOX
6,5,anal_pc5_c21_S1.filtered.gene_spectra_score.k_6.dt_0_01.txt,prerank,HALLMARK_PI3K_AKT_MTOR_SIGNALING,-0.3161491186862833,-1.0266968927867357,0.4217687074829932,0.6475404488517744,0.8100102145045965,12/32,16.56%,PLCG1;LCK;IL2RG;MAPK10;CAMK4;PDK1;PPP2R1B;SLC2A1;CXCR4;CDK1;FASLG;E2F1
6,5,anal_pc5_c21_S1.filtered.gene_spectra_score.k_6.dt_0_01.txt,prerank,HALLMARK_CHOLESTEROL_HOMEOSTASIS,0.4444966450068093,0.9888901889038635,0.528169014084507,0.7443611830312686,1.0,2/35,3.04%,LGMN;CXCL16
6,5,anal_pc5_c21_S1.filtered.gene_spectra_score.k_6.dt_0_01.txt,prerank,HALLMARK_REACTIVE_OXYGEN_SPECIES_PATHWAY,0.45482366151154496,0.9391844558670764,0.6044973544973545,0.8135677978576934,1.0,8/19,19.18%,FES;FTL;HHEX;SOD2;LSP1;GLRX;MPO;CAT
6,5,anal_pc5_c21_S1.filtered.gene_spectra_score.k_6.dt_0_01.txt,prerank,HALLMARK_MYOGENESIS,-0.20676649436134323,-0.8915414045436862,0.7692307692307693,0.9461261888192994,0.9346271705822268,35/112,24.98%,COL6A2;AK1;ITGB4;COL3A1;CKB;COL6A3;COL1A1;EFS;AEBP1;LPIN1;ERBB3;NQO1;MYH11;COL4A2;LAMA2;SOD3;SVIL;SPEG;NAV2;CDH13;SPARC;SMTN;PFKM;CNN3;SORBS1;SLC6A8;VIPR1;EPHB3;TPM2;FHL1;CACNA1H;MAPRE3;MYLK;TAGLN;BIN1
6,5,anal_pc5_c21_S1.filtered.gene_spectra_score.k_6.dt_0_01.txt,prerank,HALLMARK_SPERMATOGENESIS,-0.25196865605566476,-0.8500228962463474,0.6818181818181818,0.9566805845511481,0.9570990806945863,11/36,25.58%,EZH2;LPIN1;SLC12A2;CAMK4;GSTM3;CDK1;HSPA4L;KIF2C;HSPA2;CCNB2;GFI1
6,5,anal_pc5_c21_S1.filtered.gene_spectra_score.k_6.dt_0_01.txt,prerank,HALLMARK_DNA_REPAIR,-0.28720026732253423,-0.845996113247333,0.7004608294930875,0.8792702600113874,0.9591419816138917,9/22,23.44%,AK1;LIG1;TYMS;BCAM;USP11;VPS37B;POLH;ZWINT;POLA1
6,5,anal_pc5_c21_S1.filtered.gene_spectra_score.k_6.dt_0_01.txt,prerank,HALLMARK_HYPOXIA,0.3420983109645874,0.8341089575214209,0.7855691056910569,0.9645696408417977,1.0,21/111,15.44%,HMOX1;TGFBI;FOS;SDC3;SCARB1;PDGFB;DUSP1;GAA;HS3ST1;ZFP36;PLAUR;AMPD3;S100A4;TNFAIP3;PFKFB3;PPP1R15A;CHST2;IL6;IER3;GLRX;PLIN2
6,5,anal_pc5_c21_S1.filtered.gene_spectra_score.k_6.dt_0_01.txt,prerank,HALLMARK_FATTY_ACID_METABOLISM,0.3420400518783957,0.7897160255975183,0.7574370709382151,0.989703246365266,1.0,8/44,15.54%,CD36;IL4I1;LTC4S;ME1;CD1D;GLUL;ACSL1;ACSL4
6,5,anal_pc5_c21_S1.filtered.gene_spectra_score.k_6.dt_0_01.txt,prerank,HALLMARK_KRAS_SIGNALING_DN,0.3205860070034842,0.7773450825602797,0.8197916666666667,0.9674884714966372,1.0,10/78,13.42%,SELENOP;MEFV;SGK1;CD207;CD80;KCNMB1;SLC29A3;STAG3;CHST2;PTPRJ
6,5,anal_pc5_c21_S1.filtered.gene_spectra_score.k_6.dt_0_01.txt,prerank,HALLMARK_BILE_ACID_METABOLISM,-0.22057279013740533,-0.7524473811088017,0.9361702127659575,0.9538535142658315,0.9836567926455567,16/37,26.68%,LCK;ABCA2;NR3C2;RBP1;ACSL5;ALDH1A1;ABCA8;TFCP2L1;ABCA6;PFKM;ABCD2;SULT1B1;NR1I2;CYP7B1;CH25H;HSD17B11
6,5,anal_pc5_c21_S1.filtered.gene_spectra_score.k_6.dt_0_01.txt,prerank,HALLMARK_PEROXISOME,-0.2161726841233005,-0.7035163493298227,0.9239766081871345,0.9271920668058455,0.9918283963227783,13/32,31.96%,HSD11B2;ACSL5;ALDH1A1;ECI2;TOP2A;ABCD2;CEL;NR1I2;FDPS;HSD17B11;ELOVL5;CRABP2;SEMA3C
6,5,anal_pc5_c21_S1.filtered.gene_spectra_score.k_6.dt_0_01.txt,prerank,HALLMARK_EPITHELIAL_MESENCHYMAL_TRANSITION,0.264345744761842,0.6601147979549327,0.9596774193548387,1.0,1.0,23/164,14.86%,FUCA1;DAB2;SAT1;TGFBI;SPP1;MMP14;CAPG;ANPEP;BASP1;PMP22;PLAUR;VCAN;TNFAIP3;LRP1;GLIPR1;CXCL8;TIMP1;EMP3;ITGB5;IL6;ITGA5;CXCL1;GADD45B
6,5,anal_pc5_c21_S1.filtered.gene_spectra_score.k_6.dt_0_01.txt,prerank,HALLMARK_UV_RESPONSE_DN,0.2735089797721429,0.6494518381964698,0.9153605015673981,1.0,1.0,4/69,8.04%,DAB2;NRP1;DUSP1;PMP22
6,5,anal_pc5_c21_S1.filtered.gene_spectra_score.k_6.dt_0_01.txt,prerank,HALLMARK_GLYCOLYSIS,0.2475868411519205,0.5992987720389685,0.9464285714285714,1.0,1.0,9/67,14.88%,MERTK;TGFBI;SDC3;SLC16A3;VCAN;ME1;CHST2;IER3;GLRX
6,5,anal_pc5_c21_S1.filtered.gene_spectra_score.k_6.dt_0_01.txt,prerank,HALLMARK_UNFOLDED_PROTEIN_RESPONSE,0.25047337510826767,0.5302987616753779,0.9566265060240964,1.0,1.0,3/23,11.58%,CEBPB;NABP1;CCL2
6,5,anal_pc5_c21_S1.filtered.gene_spectra_score.k_6.dt_0_01.txt,prerank,HALLMARK_TGF_BETA_SIGNALING,0.24821590175514258,0.5283934991662114,0.9564676616915423,0.9794114718183629,1.0,4/24,15.74%,ENG;RAB31;PPP1R15A;SLC20A1
6,6,anal_pc5_c21_S1.filtered.gene_spectra_score.k_6.dt_0_01.txt,prerank,HALLMARK_G2M_CHECKPOINT,-0.6904393814444543,-2.534278666340314,0.0,0.0,0.0,55/68,23.34%,LMNB1;TOP2A;SLC12A2;KIF22;MKI67;CDK1;NUSAP1;CENPF;NDC80;CCNB2;SLC7A1;TPX2;EZH2;TROAP;PTTG1;MCM2;INCENP;CDC25B;KIF23;MYBL2;TACC3;POLE;AURKB;CDKN2C;ODC1;PLK1;CDC20;CENPE;PRC1;BUB1;BIRC5;HMMR;KIF20B;FANCC;KIF2C;FBXO5;KIF11;KPNA2;KIF15;CKS2;CDC45;MCM6;UBE2C;AURKA;RAD54L;EXO1;MAP3K20;CENPA;MYC;KIF4A;SMC4;TTK;POLQ;CCND1;E2F1
6,6,anal_pc5_c21_S1.filtered.gene_spectra_score.k_6.dt_0_01.txt,prerank,HALLMARK_E2F_TARGETS,-0.6866869892667237,-2.4698318185733488,0.0,0.0,0.0,49/54,20.60%,LMNB1;TOP2A;HMGB2;HELLS;KIF22;MKI67;CDK1;CIT;NCAPD2;CCNB2;EZH2;PTTG1;MCM2;CENPM;CDC25B;MYBL2;TACC3;POLE;AURKB;TFRC;SPAG5;CDKN2C;PLK1;CDC20;KIF18B;CENPE;ANP32E;DLGAP5;BIRC5;HMMR;LIG1;KIF2C;KPNA2;CKS2;MCM4;DEPDC1;MELK;SPC25;CDCA3;MCM6;CDCA8;AURKA;DIAPH3;PRDX4;TK1;MYC;RRM2;KIF4A;SMC4
6,6,anal_pc5_c21_S1.filtered.gene_spectra_score.k_6.dt_0_01.txt,prerank,HALLMARK_MITOTIC_SPINDLE,-0.6445332175079708,-2.349335584411634,0.0,0.0,0.0,53/77,22.04%,DST;LMNB1;TOP2A;KIF22;CDK1;NUSAP1;CNTRL;FARP1;CENPF;NDC80;CCNB2;TPX2;INCENP;KIF23;ARHGAP4;ANLN;CCDC88A;NEDD9;PLK1;CEP72;ECT2;BIN1;CENPE;PRC1;CEP250;DLGAP5;BUB1;FLNA;BIRC5;FGD4;EPB41L2;TRIO;ARHGEF2;KIF20B;KNTC1;KIF2C;DOCK4;FBXO5;KIF11;KIF15;MID1;DOCK2;PALLD;AURKA;PXN;MAP1S;EPB41;PIF1;RAPGEF6;KIF4A;SMC4;TTK;CDC42EP4
6,6,anal_pc5_c21_S1.filtered.gene_spectra_score.k_6.dt_0_01.txt,prerank,HALLMARK_KRAS_SIGNALING_DN,0.7637198791452927,1.7605877783504449,0.0,0.004250232434586267,0.005,11/78,3.74%,SPRR3;SLC6A14;KRT13;KLK7;TGM1;SERPINB2;LYPD3;KRT4;ALOX12B;KLK8;EDN2
6,6,anal_pc5_c21_S1.filtered.gene_spectra_score.k_6.dt_0_01.txt,prerank,HALLMARK_TNFA_SIGNALING_VIA_NFKB,0.6821375667981703,1.61212636825889,0.0010224948875255625,0.067153672466463,0.145,55/150,12.42%,SERPINB2;IL1A;MXD1;DUSP5;MAFF;SAT1;PHLDA1;IL23A;VEGFA;CDKN1A;DUSP1;NFKBIA;ZFP36;TIPARP;GADD45A;PPP1R15A;SGK1;FOSL1;F3;IL18;SDC4;SERPINB8;SOD2;PLAUR;CEBPB;NAMPT;ATF3;TNFAIP2;RNF19B;HBEGF;KLF4;DUSP4;IER3;ICAM1;LDLR;IER5;TLR2;CCL20;PHLDA2;AREG;PDLIM5;KYNU;PFKFB3;FOSB;IFIT2;ZC3H12A;EGR1;MAP3K8;PLK2;IL1B;TNFAIP3;EFNA1;CXCL1;PLAU;CXCL6
6,6,anal_pc5_c21_S1.filtered.gene_spectra_score.k_6.dt_0_01.txt,prerank,HALLMARK_DNA_REPAIR,-0.5383542671596587,-1.5528199887916512,0.03225806451612903,0.05664830841856806,0.11011011011011011,11/22,18.12%,BCAM;ZWINT;AK1;TYMS;USP11;ARL6IP1;LIG1;POLA1;HCLS1;AAAS;SNAPC4
6,6,anal_pc5_c21_S1.filtered.gene_spectra_score.k_6.dt_0_01.txt,prerank,HALLMARK_SPERMATOGENESIS,-0.4803828863795388,-1.5101892373372139,0.023474178403755867,0.06533438237608181,0.15715715715715717,17/36,29.60%,SLC12A2;CDK1;CCNB2;EZH2;GSTM3;BUB1;HSPA2;KIF2C;AURKA;CSNK2A2;HSPA4L;TTK;ACE;NEK2;IDE;DMC1;PCSK1N
6,6,anal_pc5_c21_S1.filtered.gene_spectra_score.k_6.dt_0_01.txt,prerank,HALLMARK_APICAL_SURFACE,0.7175713940297566,1.4947075101035059,0.05517241379310345,0.2649311550892106,0.58,3/27,1.70%,RHCG;MAL;LYPD3
6,6,anal_pc5_c21_S1.filtered.gene_spectra_score.k_6.dt_0_01.txt,prerank,HALLMARK_REACTIVE_OXYGEN_SPECIES_PATHWAY,-0.5387073993739268,-1.4654755787219396,0.042735042735042736,0.07584579071597168,0.2122122122122122,8/19,11.08%,GCLC;FTL;CAT;TXNRD1;LSP1;SCAF4;NQO1;MSRA
6,6,anal_pc5_c21_S1.filtered.gene_spectra_score.k_6.dt_0_01.txt,prerank,HALLMARK_P53_PATHWAY,0.6164569109450991,1.4214253572368858,0.04741379310344827,0.4435117545490769,0.848,28/89,9.48%,EPHA2;IL1A;MXD1;CDKN2B;SAT1;TM4SF1;KLK8;CDKN1A;NDRG1;GADD45A;HMOX1;PPP1R15A;ZNF365;RRAD;GM2A;CDKN2A;UPP1;SERPINB5;EPS8L2;TGFA;ATF3;RNF19B;HBEGF;KLF4;IER3;RGS16;ALOX15B;IER5
6,6,anal_pc5_c21_S1.filtered.gene_spectra_score.k_6.dt_0_01.txt,prerank,HALLMARK_APOPTOSIS,0.5990092347839362,1.368853757591136,0.0737527114967462,0.5528702350909815,0.942,15/79,8.78%,EMP1;ANXA1;IL1A;SAT1;CDKN1A;PMAIP1;PLAT;GADD45A;HMOX1;IL18;ERBB3;SOD2;ATF3;BNIP3L;IER3
6,6,anal_pc5_c21_S1.filtered.gene_spectra_score.k_6.dt_0_01.txt,prerank,HALLMARK_HYPOXIA,0.5678837725684426,1.328440746400338,0.09583333333333334,0.6246424934696949,0.972,34/111,12.12%,ERO1A;MAFF;SULT2B1;PIM1;VEGFA;EDN2;CDKN1A;NDRG1;ERRFI1;DUSP1;ZFP36;TIPARP;HMOX1;ADM;PPP1R15A;PLAC8;TMEM45A;F3;SLC2A1;SDC4;PLAUR;ATF3;PPP1R3C;BNIP3L;IER3;PGF;CITED2;ANGPTL4;AMPD3;PFKFB3;LOX;TNFAIP3;VLDLR;EFNA1
6,6,anal_pc5_c21_S1.filtered.gene_spectra_score.k_6.dt_0_01.txt,prerank,HALLMARK_UNFOLDED_PROTEIN_RESPONSE,0.6440957341011359,1.2903681627469301,0.23367198838896952,0.6853803388801396,0.988,7/23,11.16%,ERO1A;VEGFA;CEBPB;ATF3;NABP1;IFIT1;CHAC1
6,6,anal_pc5_c21_S1.filtered.gene_spectra_score.k_6.dt_0_01.txt,prerank,HALLMARK_BILE_ACID_METABOLISM,-0.3887143141022968,-1.2830074770185511,0.10849056603773585,0.2085197257502529,0.5365365365365365,11/37,12.64%,TFCP2L1;RBP1;ACSL5;HSD17B11;CAT;FADS2;NR3C2;PFKM;SULT1B1;ABCA2;CYP27A1
6,6,anal_pc5_c21_S1.filtered.gene_spectra_score.k_6.dt_0_01.txt,prerank,HALLMARK_COAGULATION,0.5539291927662799,1.2802407532282745,0.15384615384615385,0.6408287953247443,0.988,16/79,12.28%,ANXA1;SERPINB2;MAFF;KLK8;CTSV;PLAT;ADAM9;DUSP14;F3;CFB;MMP7;PRSS23;CFI;GDA;MMP1;PLAU
6,6,anal_pc5_c21_S1.filtered.gene_spectra_score.k_6.dt_0_01.txt,prerank,HALLMARK_IL2_STAT5_SIGNALING,0.5369540285781471,1.2573803077620729,0.14845360824742268,0.6523634539041632,0.997,9/127,3.96%,ECM1;EMP1;HOPX;MXD1;MAFF;PHLDA1;PIM1;IKZF2;NDRG1
6,6,anal_pc5_c21_S1.filtered.gene_spectra_score.k_6.dt_0_01.txt,prerank,HALLMARK_ESTROGEN_RESPONSE_EARLY,0.5420100506922373,1.2551488704407738,0.13721413721413722,0.5940124850577766,0.997,26/118,11.02%,KRT13;KLK10;CLIC3;ANXA9;ZNF185;SULT2B1;AQP3;ELF3;WWC1;P2RY2;PMAIP1;TIPARP;UGCG;KAZN;SLC2A1;MUC1;PTGES;DHRS3;TJP3;RHOD;KLF4;RAB31;PRSS23;AREG;TFAP2C;RAPGEFL1
6,6,anal_pc5_c21_S1.filtered.gene_spectra_score.k_6.dt_0_01.txt,prerank,HALLMARK_CHOLESTEROL_HOMEOSTASIS,0.5704441074565364,1.2076329304621138,0.269281045751634,0.6985836583392699,1.0,15/35,14.54%,FABP5;MAL2;ERRFI1;PLAUR;ATF3;SCD;CXCL16;LDLR;ACAT2;HMGCR;TM7SF2;TRIB3;FDPS;HMGCS1;TNFRSF12A
6,6,anal_pc5_c21_S1.filtered.gene_spectra_score.k_6.dt_0_01.txt,prerank,HALLMARK_WNT_BETA_CATENIN_SIGNALING,-0.47546669613469134,-1.1874877439091196,0.24433249370277077,0.2992918961447679,0.7357357357357357,7/15,19.62%,CCND2;DLL1;JAG2;HEY1;TCF7;MYC;JAG1
6,6,anal_pc5_c21_S1.filtered.gene_spectra_score.k_6.dt_0_01.txt,prerank,HALLMARK_COMPLEMENT,0.49748954582353516,1.1672130865473433,0.2773722627737226,0.7710630008411918,1.0,18/122,10.54%,S100A12;SERPINB2;DUSP5;CD55;MAFF;PIM1;CTSV;PLAT;ADAM9;F3;CFB;PLAUR;CEBPB;PDP1;DOCK9;CD36;LYN;KYNU
6,6,anal_pc5_c21_S1.filtered.gene_spectra_score.k_6.dt_0_01.txt,prerank,HALLMARK_INFLAMMATORY_RESPONSE,0.4847997300310338,1.157021309704551,0.2512873326467559,0.747648579339375,1.0,30/141,13.66%,ITGB8;IL1A;MXD1;CD55;CDKN1A;P2RY2;NFKBIA;ADM;CXCL8;F3;IL18;PLAUR;NAMPT;HBEGF;RGS16;ICAM1;LDLR;TLR2;CCL20;LYN;IL1B;RNF144B;EREG;CXCL6;EDN1;CXCL10;CX3CL1;NOD2;OSMR;CHST2
6,6,anal_pc5_c21_S1.filtered.gene_spectra_score.k_6.dt_0_01.txt,prerank,HALLMARK_KRAS_SIGNALING_UP,0.478729367463559,1.1381944952000045,0.3057591623036649,0.7513196592224352,1.0,30/131,13.78%,SLPI;EMP1;ERO1A;MALL;BPGM;PLAT;PPP1R15A;MPZL2;PRDM1;CFB;PLAUR;TSPAN1;HBEGF;KLF4;RGS16;ALDH1A3;HKDC1;ANGPTL4;CCL20;PTPRR;HDAC9;IL1B;TNFAIP3;EREG;PLAU;ABCB1;ARG1;CXCL10;PTGS2;TNNT2
6,6,anal_pc5_c21_S1.filtered.gene_spectra_score.k_6.dt_0_01.txt,prerank,HALLMARK_ESTROGEN_RESPONSE_LATE,0.4884920379068027,1.1247727857079077,0.3206751054852321,0.7369336343914641,1.0,20/106,11.02%,KRT13;KLK10;CLIC3;ANXA9;SULT2B1;KLK11;NMU;FABP5;ZFP36;SGK1;ASS1;PTGES;TJP3;KLF4;MDK;RAB31;PRSS23;AREG;TFAP2C;RAPGEFL1
6,6,anal_pc5_c21_S1.filtered.gene_spectra_score.k_6.dt_0_01.txt,prerank,HALLMARK_ANDROGEN_RESPONSE,0.5162694814358995,1.1057180983828108,0.3880048959608323,0.7396998273343074,1.0,11/41,11.04%,SAT1;STEAP4;NDRG1;SGK1;INPP4B;SCD;INSIG1;HPGD;ALDH1A3;PDLIM5;HMGCR
6,6,anal_pc5_c21_S1.filtered.gene_spectra_score.k_6.dt_0_01.txt,prerank,HALLMARK_UV_RESPONSE_UP,0.45365546133074713,1.0067554629295468,0.5,0.938951348901893,1.0,16/66,13.30%,CDKN2B;AQP3;CTSV;SLC6A8;NFKBIA;HMOX1;RRAD;DNAJB1;SOD2;ATF3;ICAM1;LYN;FOSB;PPIF;ABCB1;TCHH
6,6,anal_pc5_c21_S1.filtered.gene_spectra_score.k_6.dt_0_01.txt,prerank,HALLMARK_ALLOGRAFT_REJECTION,-0.24253054843794175,-0.9742133891807891,0.4827586206896552,0.660057697351167,0.964964964964965,68/121,43.58%,ST8SIA4;CCND2;CTSS;CD74;FLNA;ITGAL;PTPN6;IRF8;IL16;ITGB2;HCLS1;ETS1;FYB1;LTB;CD79A;ZAP70;CD96;FAS;CD4;CSF1;NCF4;CCND3;PTPRC;STAB1;MAP4K1;CD2;CD3D;SPI1;CD40;SOCS1;PRKCB;IL2RG;STAT1;CD3E;TGFB2;CD28;LCP2;WAS;LCK;TIMP1;ITK;SRGN;LY75;CD8A;SOCS5;LY86;IL27RA;CAPG;CD1D;IRF4;IL12RB1;CD247;STAT4;SIT1;THY1;IL2RB;CD40LG;CD3G;GPR65;IL7;CXCR3;FCGR2B;CCL5;FGR;INHBB;LIF;CCL11;GZMA
6,6,anal_pc5_c21_S1.filtered.gene_spectra_score.k_6.dt_0_01.txt,prerank,HALLMARK_INTERFERON_GAMMA_RESPONSE,0.4161574865532963,0.9668837440203171,0.5528795811518324,0.9783090568321011,1.0,29/111,14.44%,GBP6;PIM1;ISG15;BPGM;IDO1;CDKN1A;NFKBIA;UPP1;CFB;SOD2;NAMPT;TNFAIP2;RSAD2;PELI1;ICAM1;SECTM1;IFIT1;IFIT3;IFIT2;OAS3;MX1;CMPK2;TNFAIP3;OASL;CXCL10;PTGS2;DDX60;HERC6;CD274
6,6,anal_pc5_c21_S1.filtered.gene_spectra_score.k_6.dt_0_01.txt,prerank,HALLMARK_MYOGENESIS,-0.23049517548658932,-0.961481902723831,0.56,0.6240755310778914,0.96996996996997,27/112,17.68%,CKB;ITGB4;AK1;EFS;MYH11;GAA;CDH13;COL4A2;PFKM;BIN1;TNNT3;SPARC;ITGB5;MAPRE3;LSP1;NQO1;COL6A2;SMTN;SORBS3;PVALB;VIPR1;COL3A1;SVIL;TPM2;IGF1;DTNA;TNNI2
6,6,anal_pc5_c21_S1.filtered.gene_spectra_score.k_6.dt_0_01.txt,prerank,HALLMARK_ANGIOGENESIS,-0.3219999797185509,-0.961409075813462,0.5019305019305019,0.5675130534296546,0.96996996996997,9/29,21.12%,FGFR1;CCND2;JAG2;VAV2;VCAN;PDGFA;COL3A1;JAG1;COL5A2
6,6,anal_pc5_c21_S1.filtered.gene_spectra_score.k_6.dt_0_01.txt,prerank,HALLMARK_FATTY_ACID_METABOLISM,0.43683059437502453,0.9390040802312031,0.5721212121212121,0.9850249211819561,1.0,9/44,11.58%,GLUL;VNN1;TP53INP2;CD36;ACOX1;HPGD;MGLL;ACAT2;CA4
6,6,anal_pc5_c21_S1.filtered.gene_spectra_score.k_6.dt_0_01.txt,prerank,HALLMARK_HEME_METABOLISM,0.38946564190270305,0.8628591047677381,0.656497175141243,1.0,1.0,17/55,15.54%,AQP3;PDZK1IP1;BPGM;SLC6A8;SLC2A1;ALDH1L1;OSBP2;MBOAT2;BNIP3L;DAAM1;KLF3;SEC14L1;MXI1;BLVRB;KDM7A;RHCE;MAP2K3
6,6,anal_pc5_c21_S1.filtered.gene_spectra_score.k_6.dt_0_01.txt,prerank,HALLMARK_XENOBIOTIC_METABOLISM,0.3778803255340409,0.8519788481992217,0.7030567685589519,1.0,1.0,15/80,10.54%,EPHA2;NDRG2;CYP2C18;VNN1;HMOX1;FMO3;UPP1;CFB;PTGES;CD36;ACOX1;PPARD;BCAT1;PDLIM5;KYNU
6,6,anal_pc5_c21_S1.filtered.gene_spectra_score.k_6.dt_0_01.txt,prerank,HALLMARK_INTERFERON_ALPHA_RESPONSE,0.38904361148114264,0.8486186199461199,0.6862026862026862,1.0,1.0,15/50,14.28%,ISG15;OAS1;TENT5A;RSAD2;SAMD9;IFIT3;IFIT2;MX1;NCOA7;CMPK2;OASL;GBP2;CXCL10;DDX60;HERC6
6,6,anal_pc5_c21_S1.filtered.gene_spectra_score.k_6.dt_0_01.txt,prerank,HALLMARK_GLYCOLYSIS,0.37598625122794216,0.8361645721517047,0.7196885428253615,0.9854256295945533,1.0,17/67,14.20%,ERO1A;ELF3;DSC2;VEGFA;TGFA;EGLN3;IER3;CITED2;ANGPTL4;QSOX1;SLC16A3;VLDLR;HK2;MXI1;CHST2;DDIT4;TPST1
6,6,anal_pc5_c21_S1.filtered.gene_spectra_score.k_6.dt_0_01.txt,prerank,HALLMARK_HEDGEHOG_SIGNALING,0.42316778789517706,0.8251185658947071,0.6774193548387096,0.9623588790011954,1.0,3/17,5.90%,VEGFA;SLIT1;ACHE
6,6,anal_pc5_c21_S1.filtered.gene_spectra_score.k_6.dt_0_01.txt,prerank,HALLMARK_MTORC1_SIGNALING,0.3424971956779728,0.7821849021173081,0.7560706401766004,0.9842178244122725,1.0,16/72,12.88%,ERO1A;CDKN1A;PPP1R15A;SLC2A1;NAMPT;SCD;INSIG1;EGLN3;DAPP1;LDLR;BCAT1;HMGCR;TM7SF2;VLDLR;TRIB3;HK2
6,6,anal_pc5_c21_S1.filtered.gene_spectra_score.k_6.dt_0_01.txt,prerank,HALLMARK_ADIPOGENESIS,0.34048977574581313,0.7583749970026207,0.7928571428571428,0.9754610378331988,1.0,9/51,10.56%,CYP4B1;GADD45A;NABP1;CD36;ACOX1;ANGPTL4;MGLL;SOWAHC;PFKFB3
6,6,anal_pc5_c21_S1.filtered.gene_spectra_score.k_6.dt_0_01.txt,prerank,HALLMARK_PI3K_AKT_MTOR_SIGNALING,-0.23199755935090655,-0.7305248535381575,0.8973214285714286,0.895200629425649,0.993993993993994,15/32,30.32%,CDK1;PLCG1;HSP90B1;ITPR2;PPP2R1B;CXCR4;E2F1;SLA;PLCB1;NOD1;PRKCB;IL2RG;AKT1S1;LCK;MKNK1
6,6,anal_pc5_c21_S1.filtered.gene_spectra_score.k_6.dt_0_01.txt,prerank,HALLMARK_PEROXISOME,0.3189672738545451,0.658897036862279,0.8492268041237113,1.0,1.0,6/32,9.32%,SULT2B1;SOD2;STS;DHRS3;CRABP2;ACOX1
6,6,anal_pc5_c21_S1.filtered.gene_spectra_score.k_6.dt_0_01.txt,prerank,HALLMARK_APICAL_JUNCTION,0.2797466237167748,0.6479910436818062,0.916219119226638,1.0,1.0,12/101,9.36%,NECTIN4;ADAM9;GRB7;CLDN4;MPZL2;PCDH1;CDSN;TJP1;INSIG1;ALOX15B;ICAM1;MDK
6,6,anal_pc5_c21_S1.filtered.gene_spectra_score.k_6.dt_0_01.txt,prerank,HALLMARK_IL6_JAK_STAT3_SIGNALING,0.2939302910364434,0.6433410555779622,0.885954381752701,0.9857901172935912,1.0,14/53,16.90%,PIM1;HMOX1;CD36;TLR2;MAP3K8;TNFRSF21;IL1B;CXCL1;CXCL10;OSMR;TNFRSF12A;CXCL11;CXCL3;SOCS3
6,6,anal_pc5_c21_S1.filtered.gene_spectra_score.k_6.dt_0_01.txt,prerank,HALLMARK_UV_RESPONSE_DN,0.2797259281504415,0.6305318535912662,0.8950338600451467,0.9632443440917342,1.0,13/69,12.04%,RND3;DUSP1;F3;TJP1;ID1;INPP4B;INSIG1;LDLR;CITED2;MGLL;PDLIM5;VLDLR;ADGRL2
6,6,anal_pc5_c21_S1.filtered.gene_spectra_score.k_6.dt_0_01.txt,prerank,HALLMARK_TGF_BETA_SIGNALING,0.29417720232110234,0.5870702844432688,0.9055793991416309,0.9626365151521644,1.0,4/24,9.58%,PPP1R15A;TJP1;ID1;RAB31
6,6,anal_pc5_c21_S1.filtered.gene_spectra_score.k_6.dt_0_01.txt,prerank,HALLMARK_EPITHELIAL_MESENCHYMAL_TRANSITION,0.24058713079195934,0.5648194729530407,0.982635342185904,0.9468720945676716,1.0,8/164,7.26%,ECM1;SAT1;VEGFA;SLC6A8;GADD45A;CXCL8;SDC4;PLAUR
